stage,total_experience_years
REJECT,0
REJECT,0
REJECT,10
SHORTLIST,26
SHORTLIST,1
SHORTLIST,16
REJECT,16
REJECT,25
REJECT,35
REJECT,0
REJECT,0
REJECT,10
REJECT,12
REJECT,4
REJECT,0
REJECT,10
REJECT,10
REJECT,2
REJECT,10
REJECT,0
REJECT,5
SHORTLIST,3
SHORTLIST,8
SHORTLIST,0
SHORTLIST,20
SHORTLIST,17
REJECT,10
REJECT,20
REJECT,40
REJECT,7
REJECT,15
REJECT,0
REJECT,17
REJECT,29
REJECT,20
REJECT,20
REJECT,34
REJECT,0
REJECT,37
REJECT,0
REJECT,15
REJECT,42
REJECT,7
REJECT,34
REJECT,20
REJECT,20
REJECT,17
REJECT,15
REJECT,20
REJECT,25
REJECT,0
REJECT,17
REJECT,12
REJECT,29
REJECT,11
REJECT,31
REJECT,5
REJECT,7
REJECT,17
REJECT,11
REJECT,15
REJECT,0
REJECT,6
REJECT,0
REJECT,12
REJECT,10
REJECT,15
REJECT,23
REJECT,0
REJECT,0
REJECT,5
REJECT,11
REJECT,43
REJECT,0
REJECT,12
REJECT,17
SHORTLIST,30
SHORTLIST,33
SHORTLIST,3
SHORTLIST,35
SHORTLIST,5
SHORTLIST,15
SHORTLIST,25
SHORTLIST,5
SHORTLIST,20
SHORTLIST,15
SHORTLIST,28
REJECT,20
REJECT,1
REJECT,10
REJECT,8
REJECT,4813
REJECT,19
REJECT,0
REJECT,3
REJECT,0
REJECT,7
REJECT,8
REJECT,20
REJECT,2
SHORTLIST,16
SHORTLIST,35
SHORTLIST,0
SHORTLIST,20
SHORTLIST,27
SHORTLIST,12
SHORTLIST,5
SHORTLIST,17
REJECT,7
REJECT,30
REJECT,11
REJECT,8
REJECT,30
REJECT,7
REJECT,23
REJECT,20
REJECT,1
REJECT,0
REJECT,31
REJECT,0
REJECT,20
REJECT,2
REJECT,5
REJECT,20
REJECT,4
REJECT,30
REJECT,10
REJECT,0
REJECT,14
REJECT,6
REJECT,30
SHORTLIST,50
SHORTLIST,40
SHORTLIST,29
SHORTLIST,20
SHORTLIST,15
REJECT,16
REJECT,30
REJECT,30
REJECT,14
REJECT,10
REJECT,3
REJECT,12
REJECT,5
REJECT,0
REJECT,0
REJECT,10
SHORTLIST,14
SHORTLIST,16
SHORTLIST,6
SHORTLIST,10
REJECT,3
REJECT,2
REJECT,10
REJECT,0
REJECT,0
REJECT,10
REJECT,6
REJECT,12
REJECT,27
REJECT,4
REJECT,10
REJECT,0
REJECT,20
REJECT,8
REJECT,0
REJECT,18
REJECT,19
REJECT,65
REJECT,20
REJECT,0
REJECT,0
REJECT,13
REJECT,27
REJECT,25
REJECT,0
REJECT,25
REJECT,13
REJECT,21
REJECT,14
REJECT,0
REJECT,22
REJECT,35
REJECT,0
SHORTLIST,21
SHORTLIST,25
SHORTLIST,2
SHORTLIST,30
SHORTLIST,0
SHORTLIST,50
SHORTLIST,100
SHORTLIST,0
SHORTLIST,7
SHORTLIST,17
SHORTLIST,20
SHORTLIST,14
SHORTLIST,50
SHORTLIST,0
SHORTLIST,20
REJECT,20
REJECT,20
REJECT,29
REJECT,0
REJECT,15
REJECT,7
REJECT,2
REJECT,20
REJECT,0
REJECT,46
REJECT,35
REJECT,15
REJECT,8
REJECT,27
REJECT,16
REJECT,19
REJECT,19
REJECT,0
REJECT,12
REJECT,2
REJECT,28
REJECT,16
REJECT,20
REJECT,24
REJECT,6
REJECT,27
REJECT,2
SHORTLIST,25
SHORTLIST,20
SHORTLIST,13
SHORTLIST,30
SHORTLIST,15
SHORTLIST,30
SHORTLIST,15
SHORTLIST,20
SHORTLIST,30
SHORTLIST,16
SHORTLIST,0
REJECT,20
REJECT,55
REJECT,13
REJECT,25
REJECT,0
REJECT,9
REJECT,2
REJECT,35
REJECT,20
REJECT,27
REJECT,32
REJECT,11
REJECT,0
REJECT,17
REJECT,31
SHORTLIST,25
SHORTLIST,0
SHORTLIST,15
SHORTLIST,15
SHORTLIST,25
SHORTLIST,30
SHORTLIST,0
SHORTLIST,16
SHORTLIST,23
REJECT,4
REJECT,12
REJECT,15
REJECT,12
REJECT,15
REJECT,0
REJECT,11
REJECT,32
REJECT,0
REJECT,0
REJECT,9
REJECT,3
REJECT,6
REJECT,27
REJECT,0
REJECT,0
REJECT,45
REJECT,20
REJECT,10
REJECT,3
REJECT,44
REJECT,5
SHORTLIST,15
SHORTLIST,25
SHORTLIST,4
SHORTLIST,3
SHORTLIST,15
SHORTLIST,12
SHORTLIST,16
REJECT,20
REJECT,0
REJECT,6
REJECT,4
REJECT,1
REJECT,8
REJECT,0
REJECT,33
REJECT,32
REJECT,3
REJECT,0
REJECT,4
SHORTLIST,10
SHORTLIST,10
SHORTLIST,0
SHORTLIST,5
REJECT,0
REJECT,0
REJECT,9
REJECT,10
REJECT,4
REJECT,19
REJECT,0
REJECT,30
REJECT,0
REJECT,0
REJECT,20
REJECT,8
REJECT,10
REJECT,7
REJECT,20
REJECT,0
REJECT,0
SHORTLIST,0
SHORTLIST,5
SHORTLIST,21
SHORTLIST,8
SHORTLIST,0
SHORTLIST,0
SHORTLIST,35
SHORTLIST,50
SHORTLIST,12
SHORTLIST,17
REJECT,13
REJECT,34
REJECT,0
REJECT,8
REJECT,13
REJECT,15
REJECT,50
REJECT,34
REJECT,20
REJECT,0
REJECT,4
REJECT,27
REJECT,6
REJECT,3
SHORTLIST,3
SHORTLIST,0
SHORTLIST,15
REJECT,0
REJECT,24
REJECT,18
REJECT,3
REJECT,0
REJECT,11
REJECT,0
REJECT,0
REJECT,23
REJECT,3
REJECT,5
REJECT,0
REJECT,0
REJECT,0
REJECT,0
REJECT,0
REJECT,0
REJECT,30
REJECT,15
REJECT,12
REJECT,6
REJECT,14
REJECT,15
REJECT,16
REJECT,0
REJECT,0
REJECT,12
REJECT,0
REJECT,1
REJECT,6
REJECT,0
REJECT,8
REJECT,0
REJECT,8
REJECT,26
REJECT,0
REJECT,0
REJECT,0
REJECT,0
SHORTLIST,9
SHORTLIST,23
SHORTLIST,34
SHORTLIST,5
REJECT,10
REJECT,0
REJECT,10
REJECT,17
REJECT,9
REJECT,31
REJECT,0
REJECT,5
REJECT,3
REJECT,11
REJECT,15
REJECT,0
REJECT,0
REJECT,3
REJECT,9
REJECT,12
REJECT,10
REJECT,19
REJECT,9
REJECT,3
REJECT,14
REJECT,10
REJECT,0
REJECT,0
REJECT,6
REJECT,5
REJECT,12
REJECT,10
REJECT,46
REJECT,40
REJECT,5
REJECT,14
REJECT,20
REJECT,10
REJECT,13
REJECT,3
REJECT,19
REJECT,16
REJECT,10
REJECT,11
REJECT,21
REJECT,5
REJECT,24
SHORTLIST,0
SHORTLIST,24
SHORTLIST,4
SHORTLIST,0
SHORTLIST,78
SHORTLIST,12
SHORTLIST,6
SHORTLIST,0
SHORTLIST,23
SHORTLIST,15
REJECT,20
REJECT,5
REJECT,0
REJECT,20
REJECT,0
REJECT,22
REJECT,5
REJECT,29
REJECT,8
REJECT,20
REJECT,5
REJECT,5
REJECT,0
REJECT,0
REJECT,15
REJECT,0
REJECT,3
REJECT,11
REJECT,9
REJECT,2
REJECT,0
REJECT,15
REJECT,6
REJECT,6
REJECT,522
REJECT,7
REJECT,9
REJECT,9
REJECT,480
REJECT,0
REJECT,0
SHORTLIST,2
REJECT,19
REJECT,5
REJECT,10
REJECT,19
REJECT,0
REJECT,0
REJECT,10
REJECT,40
REJECT,12
REJECT,5
REJECT,0
REJECT,29
REJECT,0
REJECT,13
REJECT,0
REJECT,15
REJECT,14
REJECT,0
REJECT,7
REJECT,12
REJECT,10
REJECT,0
REJECT,0
REJECT,13
REJECT,0
REJECT,10
REJECT,3
REJECT,7
REJECT,0
REJECT,20
REJECT,8
REJECT,0
REJECT,5
REJECT,12
REJECT,20
REJECT,15
REJECT,5
REJECT,8
REJECT,15
REJECT,25
REJECT,15
REJECT,15
REJECT,0
REJECT,3
REJECT,14
REJECT,15
REJECT,18
REJECT,20
REJECT,0
REJECT,0
REJECT,13
REJECT,8
REJECT,6
REJECT,15
REJECT,8
REJECT,10
REJECT,20
REJECT,21
REJECT,3
REJECT,18
REJECT,8
REJECT,0
REJECT,5
REJECT,0
REJECT,0
REJECT,0
REJECT,0
REJECT,6
REJECT,10
REJECT,12
REJECT,7
REJECT,9
REJECT,0
REJECT,2468
REJECT,1
REJECT,31
REJECT,25
REJECT,12
REJECT,3
REJECT,3
REJECT,0
REJECT,0
REJECT,20
REJECT,0
REJECT,0
REJECT,5
REJECT,0
REJECT,0
REJECT,15
REJECT,0
REJECT,15
REJECT,21
REJECT,10
REJECT,0
REJECT,20
REJECT,11
REJECT,10
REJECT,8
REJECT,22
REJECT,2
REJECT,29
REJECT,0
REJECT,0
REJECT,4
REJECT,8
REJECT,12
SHORTLIST,4
SHORTLIST,15
SHORTLIST,15
SHORTLIST,21
REJECT,13
REJECT,1
REJECT,8
REJECT,0
REJECT,15
REJECT,11
REJECT,15
REJECT,0
REJECT,0
REJECT,3
REJECT,2
REJECT,12
REJECT,3
REJECT,7
REJECT,7
REJECT,10
REJECT,0
REJECT,0
REJECT,7
REJECT,2
REJECT,0
REJECT,15
REJECT,0
REJECT,20
REJECT,8
REJECT,14
REJECT,15
REJECT,3
REJECT,10
REJECT,0
REJECT,24
REJECT,16
REJECT,29
REJECT,17
REJECT,9
REJECT,19
REJECT,9
REJECT,0
REJECT,5
REJECT,0
REJECT,15
REJECT,30
REJECT,15
REJECT,19
REJECT,6
SHORTLIST,0
SHORTLIST,2
SHORTLIST,0
SHORTLIST,4
REJECT,13
REJECT,0
REJECT,10
REJECT,32
REJECT,29
REJECT,30
REJECT,0
REJECT,40
REJECT,38
REJECT,0
REJECT,5
REJECT,7
REJECT,0
REJECT,0
REJECT,30
REJECT,30
REJECT,0
REJECT,4
SHORTLIST,23
SHORTLIST,0
SHORTLIST,0
SHORTLIST,12
REJECT,13
REJECT,0
REJECT,15
REJECT,12
REJECT,11
REJECT,36
REJECT,21
REJECT,15
REJECT,9
REJECT,4
REJECT,21
REJECT,0
REJECT,0
REJECT,30
REJECT,15
REJECT,0
REJECT,4
REJECT,26
REJECT,11
REJECT,17
REJECT,0
REJECT,2
REJECT,12
REJECT,4
REJECT,4
REJECT,5
REJECT,0
REJECT,18
REJECT,26
REJECT,0
SHORTLIST,20
SHORTLIST,20
SHORTLIST,7
SHORTLIST,40
SHORTLIST,27
SHORTLIST,20
REJECT,20
REJECT,10
REJECT,1
REJECT,20
REJECT,0
REJECT,9
REJECT,6
REJECT,0
REJECT,24
REJECT,8
REJECT,0
REJECT,9
REJECT,23
REJECT,16
REJECT,9
REJECT,0
REJECT,5
REJECT,21
REJECT,0
REJECT,2908
REJECT,7
REJECT,13
REJECT,0
REJECT,10
REJECT,0
REJECT,7
REJECT,0
REJECT,14
REJECT,2
REJECT,17
REJECT,9
REJECT,7
REJECT,0
REJECT,480
REJECT,5
SHORTLIST,8
SHORTLIST,9
SHORTLIST,0
SHORTLIST,0
REJECT,17
REJECT,4
REJECT,0
REJECT,0
REJECT,4
REJECT,11
REJECT,28
REJECT,6
REJECT,28
REJECT,10
REJECT,14
REJECT,10
REJECT,0
REJECT,9
REJECT,14
REJECT,10
REJECT,20
REJECT,0
REJECT,0
REJECT,13
REJECT,20
REJECT,46
REJECT,0
REJECT,100
REJECT,0
REJECT,2
REJECT,0
REJECT,10
SHORTLIST,30
SHORTLIST,32
SHORTLIST,38
SHORTLIST,15
SHORTLIST,0
SHORTLIST,12
SHORTLIST,10
SHORTLIST,0
SHORTLIST,18
REJECT,15
REJECT,2
REJECT,11
REJECT,13
REJECT,27
REJECT,13
REJECT,17
REJECT,6
REJECT,17
REJECT,7
REJECT,17
REJECT,0
REJECT,13
REJECT,16
SHORTLIST,15
SHORTLIST,23
SHORTLIST,15
REJECT,8
REJECT,6
REJECT,10
REJECT,20
REJECT,6
REJECT,0
REJECT,0
SHORTLIST,29
SHORTLIST,8
SHORTLIST,0
SHORTLIST,31
SHORTLIST,10
REJECT,24
REJECT,3
REJECT,8
REJECT,17
REJECT,0
REJECT,14
REJECT,8
REJECT,0
REJECT,9
REJECT,0
SHORTLIST,18
REJECT,7
REJECT,25
REJECT,20
REJECT,8
REJECT,24
REJECT,5
REJECT,0
REJECT,13
REJECT,3
REJECT,0
REJECT,7
REJECT,160
REJECT,15
REJECT,13
REJECT,6
REJECT,5
REJECT,17
REJECT,20
REJECT,0
REJECT,20
REJECT,18
REJECT,33
REJECT,9
REJECT,11
REJECT,22
REJECT,2
REJECT,20
REJECT,0
REJECT,23
REJECT,21
REJECT,15
REJECT,1
REJECT,0
REJECT,1
REJECT,0
REJECT,20
REJECT,20
REJECT,14
REJECT,28
REJECT,5
REJECT,0
REJECT,5
SHORTLIST,0
SHORTLIST,18
SHORTLIST,0
SHORTLIST,0
SHORTLIST,10
SHORTLIST,23
SHORTLIST,10
REJECT,30
REJECT,29
REJECT,0
REJECT,9
REJECT,0
REJECT,7
REJECT,35
REJECT,20
SHORTLIST,22
SHORTLIST,34
SHORTLIST,13
SHORTLIST,0
SHORTLIST,15
SHORTLIST,25
SHORTLIST,21
SHORTLIST,20
REJECT,13
REJECT,18
REJECT,6
REJECT,0
REJECT,20
REJECT,18
REJECT,0
REJECT,7
REJECT,28
REJECT,24
REJECT,13
REJECT,1912
REJECT,20
REJECT,0
REJECT,30
REJECT,22
REJECT,0
REJECT,0
REJECT,44
REJECT,11
REJECT,37
REJECT,27
REJECT,32
REJECT,28
REJECT,38
REJECT,4
REJECT,5
REJECT,29
SHORTLIST,0
SHORTLIST,18
SHORTLIST,30
SHORTLIST,0
SHORTLIST,20
SHORTLIST,0
SHORTLIST,0
SHORTLIST,0
SHORTLIST,20
SHORTLIST,13
REJECT,23
REJECT,5
REJECT,30
REJECT,17
REJECT,20
REJECT,20
REJECT,1
REJECT,70
REJECT,11
SHORTLIST,10
SHORTLIST,30
SHORTLIST,5
SHORTLIST,34
SHORTLIST,18
SHORTLIST,10
SHORTLIST,25
SHORTLIST,13
SHORTLIST,16
SHORTLIST,27
SHORTLIST,25
SHORTLIST,30
SHORTLIST,4
SHORTLIST,0
SHORTLIST,22
SHORTLIST,10
REJECT,16
REJECT,9
REJECT,4
REJECT,0
REJECT,3
REJECT,0
REJECT,5017
SHORTLIST,15
REJECT,0
REJECT,30
REJECT,0
REJECT,17
REJECT,12
REJECT,20
REJECT,20
REJECT,16
REJECT,7
REJECT,17
REJECT,24
REJECT,20
REJECT,5
REJECT,16
REJECT,0
REJECT,4
REJECT,13
REJECT,0
REJECT,10
REJECT,0
REJECT,10
REJECT,17
REJECT,17
REJECT,0
REJECT,5
REJECT,17
REJECT,5
REJECT,9
REJECT,10
REJECT,0
REJECT,15
REJECT,0
REJECT,14
REJECT,10
REJECT,15
REJECT,6
REJECT,26
REJECT,25
REJECT,14
REJECT,20
REJECT,20
REJECT,6
REJECT,17
REJECT,20
SHORTLIST,8
SHORTLIST,0
SHORTLIST,7
SHORTLIST,0
SHORTLIST,4
SHORTLIST,28
SHORTLIST,0
REJECT,0
REJECT,20
REJECT,20
REJECT,2
REJECT,7
REJECT,2
REJECT,7
REJECT,0
REJECT,0
REJECT,28
REJECT,0
REJECT,6
REJECT,9
REJECT,15
REJECT,20
REJECT,0
REJECT,20
REJECT,15
REJECT,12
REJECT,0
REJECT,19
REJECT,20
REJECT,3
REJECT,0
REJECT,4
SHORTLIST,10
SHORTLIST,0
SHORTLIST,10
SHORTLIST,28
REJECT,0
REJECT,15
REJECT,15
REJECT,13
REJECT,20
REJECT,10
REJECT,0
REJECT,17
REJECT,19
REJECT,10
REJECT,0
REJECT,20
REJECT,3
REJECT,7
REJECT,13
REJECT,21
REJECT,2
REJECT,10
REJECT,8
REJECT,20
REJECT,28
REJECT,20
REJECT,5
REJECT,17
REJECT,13
REJECT,2
REJECT,10
REJECT,0
REJECT,2
REJECT,18
REJECT,70
REJECT,0
REJECT,4
REJECT,18
REJECT,12
REJECT,0
REJECT,0
REJECT,3
REJECT,5
REJECT,0
REJECT,2
REJECT,0
REJECT,16
REJECT,20
REJECT,14
REJECT,12
REJECT,11
REJECT,11
REJECT,21
SHORTLIST,27
SHORTLIST,34
REJECT,17
REJECT,3
REJECT,0
REJECT,0
REJECT,20
REJECT,20
REJECT,3
REJECT,25
REJECT,10
REJECT,32
REJECT,15
SHORTLIST,25
REJECT,0
REJECT,0
REJECT,13
REJECT,20
REJECT,7
REJECT,6
REJECT,10
REJECT,13
REJECT,0
REJECT,30
REJECT,0
REJECT,45
REJECT,8
REJECT,5
REJECT,0
REJECT,20
REJECT,34
REJECT,27
REJECT,3
REJECT,30
REJECT,7229
REJECT,3
REJECT,5
REJECT,3
REJECT,0
REJECT,6
REJECT,10
REJECT,9
REJECT,50
REJECT,21
REJECT,17
REJECT,15
REJECT,14
REJECT,35
REJECT,40
REJECT,52
REJECT,26
REJECT,40
REJECT,0
REJECT,10
REJECT,5
REJECT,30
REJECT,16
REJECT,20
REJECT,13
REJECT,15
REJECT,150
REJECT,35
REJECT,20
REJECT,17
REJECT,40
REJECT,0
REJECT,15
REJECT,6
REJECT,15
REJECT,26
REJECT,17
REJECT,21
REJECT,0
REJECT,0
REJECT,12
REJECT,7
REJECT,0
REJECT,30
REJECT,25
REJECT,40
SHORTLIST,20
SHORTLIST,20
SHORTLIST,20
SHORTLIST,31
REJECT,7
REJECT,0
REJECT,20
REJECT,12
REJECT,7
REJECT,3
REJECT,8
REJECT,3
REJECT,35
REJECT,11
REJECT,0
REJECT,0
REJECT,0
REJECT,0
REJECT,13
REJECT,3
REJECT,3
REJECT,22
REJECT,12
REJECT,0
REJECT,0
REJECT,0
SHORTLIST,20
SHORTLIST,15
REJECT,10
REJECT,0
REJECT,0
REJECT,12
REJECT,0
REJECT,15
REJECT,0
REJECT,12
REJECT,22
REJECT,0
REJECT,29
REJECT,6
REJECT,4
REJECT,0
REJECT,0
REJECT,24
REJECT,30
REJECT,0
REJECT,30
REJECT,12
REJECT,20
REJECT,0
REJECT,11
REJECT,7
REJECT,5
REJECT,27
REJECT,6
REJECT,0
REJECT,0
REJECT,15
REJECT,0
REJECT,11
REJECT,11
REJECT,40
REJECT,27
REJECT,15
REJECT,19
REJECT,24
REJECT,0
REJECT,30
SHORTLIST,10
SHORTLIST,3
SHORTLIST,16
SHORTLIST,8
SHORTLIST,7
SHORTLIST,20
REJECT,34
REJECT,0
REJECT,14
REJECT,24
REJECT,20
REJECT,3
REJECT,919
REJECT,0
REJECT,23
REJECT,4
REJECT,21
REJECT,11
REJECT,30
REJECT,10
REJECT,7
REJECT,3
REJECT,0
REJECT,9
REJECT,15
REJECT,5
REJECT,4
REJECT,8
REJECT,11
SHORTLIST,30
SHORTLIST,27
SHORTLIST,20
SHORTLIST,20
REJECT,17
REJECT,23
REJECT,6
REJECT,28
REJECT,13
REJECT,0
REJECT,5
REJECT,23
REJECT,20
REJECT,5
REJECT,19
REJECT,20
REJECT,3
REJECT,23
REJECT,6
REJECT,8
REJECT,17
REJECT,5
REJECT,16
REJECT,30
REJECT,0
REJECT,12
REJECT,30
REJECT,32
REJECT,52
REJECT,0
REJECT,25
REJECT,25
REJECT,25
REJECT,30
REJECT,30
REJECT,36
REJECT,0
REJECT,15
REJECT,8
REJECT,50
REJECT,44
REJECT,5671
REJECT,4
REJECT,15
SHORTLIST,30
SHORTLIST,30
SHORTLIST,12
SHORTLIST,10
SHORTLIST,11
SHORTLIST,4
SHORTLIST,40
SHORTLIST,20
REJECT,12
REJECT,0
REJECT,20
REJECT,0
REJECT,25
REJECT,18
REJECT,22
REJECT,10
REJECT,0
REJECT,11
REJECT,0
REJECT,35
REJECT,1040
SHORTLIST,5
SHORTLIST,20
SHORTLIST,37
SHORTLIST,10
SHORTLIST,0
SHORTLIST,19
REJECT,0
REJECT,0
REJECT,10
REJECT,0
REJECT,0
REJECT,0
REJECT,10
REJECT,8
REJECT,0
REJECT,0
REJECT,18
REJECT,35
REJECT,3
REJECT,10
REJECT,16
REJECT,7
REJECT,17
REJECT,0
REJECT,0
REJECT,20
REJECT,0
REJECT,0
REJECT,0
REJECT,35
SHORTLIST,15
SHORTLIST,15
SHORTLIST,23
SHORTLIST,0
SHORTLIST,2
SHORTLIST,23
SHORTLIST,7229
SHORTLIST,0
SHORTLIST,0
SHORTLIST,20
SHORTLIST,14
SHORTLIST,10
SHORTLIST,0
SHORTLIST,0
SHORTLIST,11
SHORTLIST,5
SHORTLIST,7
SHORTLIST,19
SHORTLIST,25
SHORTLIST,15
SHORTLIST,5
SHORTLIST,0
SHORTLIST,15
SHORTLIST,6
SHORTLIST,15
REJECT,38
REJECT,28
REJECT,4
REJECT,19
REJECT,2
REJECT,10
REJECT,0
REJECT,0
REJECT,13
REJECT,26
REJECT,30
REJECT,15
REJECT,3
REJECT,0
REJECT,36
REJECT,5
REJECT,18
REJECT,3
REJECT,4
REJECT,0
REJECT,4
REJECT,27
REJECT,22
REJECT,4
REJECT,3
REJECT,18
REJECT,15
REJECT,10
REJECT,0
REJECT,2
REJECT,2
REJECT,0
REJECT,10
SHORTLIST,0
SHORTLIST,40
SHORTLIST,51
SHORTLIST,7
SHORTLIST,17
SHORTLIST,0
REJECT,13
REJECT,0
REJECT,0
REJECT,0
REJECT,15
REJECT,28
REJECT,3
REJECT,16
REJECT,27
SHORTLIST,0
REJECT,27
REJECT,4
REJECT,0
REJECT,0
REJECT,3
REJECT,2
REJECT,15
REJECT,17
REJECT,18
REJECT,14
REJECT,0
REJECT,11
REJECT,0
SHORTLIST,10
SHORTLIST,0
REJECT,17
REJECT,2
REJECT,15
REJECT,12
REJECT,9
REJECT,36
REJECT,30
REJECT,16
REJECT,5
SHORTLIST,10
REJECT,0
REJECT,14
REJECT,20
REJECT,3
REJECT,16
REJECT,0
REJECT,10
REJECT,0
REJECT,0
REJECT,31
REJECT,31
REJECT,30
REJECT,15
REJECT,0
REJECT,10
REJECT,2
REJECT,9
REJECT,15
REJECT,7
REJECT,15
REJECT,11
REJECT,3
REJECT,10
REJECT,13
REJECT,0
REJECT,15
REJECT,21
REJECT,9
REJECT,0
REJECT,0
REJECT,21
SHORTLIST,20
SHORTLIST,0
SHORTLIST,25
REJECT,4
REJECT,19
REJECT,8
REJECT,5
REJECT,13
REJECT,5
REJECT,0
REJECT,10
REJECT,6
REJECT,7
REJECT,6
REJECT,11
REJECT,0
REJECT,0
SHORTLIST,2
REJECT,12
REJECT,0
REJECT,0
REJECT,0
REJECT,0
REJECT,40
REJECT,19
SHORTLIST,15
SHORTLIST,30
SHORTLIST,10
SHORTLIST,10
SHORTLIST,7
SHORTLIST,50
SHORTLIST,10
SHORTLIST,30
SHORTLIST,8
SHORTLIST,25
SHORTLIST,10
SHORTLIST,14
SHORTLIST,0
SHORTLIST,14
SHORTLIST,10
REJECT,0
REJECT,6
REJECT,5
REJECT,8
REJECT,13
REJECT,10
REJECT,13
REJECT,9
REJECT,0
REJECT,5
REJECT,5
REJECT,0
REJECT,0
REJECT,33
REJECT,10
REJECT,12
REJECT,0
REJECT,10
REJECT,24
REJECT,10
REJECT,0
REJECT,7
REJECT,12
REJECT,11
REJECT,11
REJECT,0
REJECT,0
REJECT,16
REJECT,15
REJECT,19
REJECT,0
REJECT,20
REJECT,5
REJECT,10
REJECT,0
REJECT,0
REJECT,13
REJECT,9
REJECT,0
REJECT,0
REJECT,14
REJECT,0
REJECT,4
REJECT,9
SHORTLIST,6
SHORTLIST,1
SHORTLIST,5
SHORTLIST,27
SHORTLIST,14
REJECT,16
REJECT,12
REJECT,2
REJECT,5
REJECT,10
REJECT,20
REJECT,24
REJECT,0
REJECT,23
REJECT,0
REJECT,10
REJECT,5
REJECT,10
REJECT,0
REJECT,22
REJECT,15
REJECT,4
REJECT,1
REJECT,30
REJECT,3
REJECT,0
REJECT,2617
REJECT,25
REJECT,0
REJECT,0
REJECT,24
REJECT,70
REJECT,0
REJECT,5
REJECT,36
REJECT,15
REJECT,40
SHORTLIST,25
SHORTLIST,8
SHORTLIST,25
SHORTLIST,10
SHORTLIST,0
SHORTLIST,13
SHORTLIST,1
SHORTLIST,15
REJECT,13
REJECT,38
REJECT,14
REJECT,13
REJECT,30
REJECT,10
REJECT,30
REJECT,43
REJECT,16
REJECT,15
REJECT,8
REJECT,0
REJECT,0
REJECT,12
REJECT,35
REJECT,20
REJECT,10
REJECT,18
REJECT,7
REJECT,17
REJECT,20
REJECT,8
REJECT,16
REJECT,5
REJECT,0
REJECT,20
REJECT,25
REJECT,0
REJECT,10
REJECT,0
REJECT,7
REJECT,9
REJECT,29
REJECT,14
REJECT,30
REJECT,2541
REJECT,75
REJECT,0
REJECT,10
REJECT,17
REJECT,22
REJECT,21
REJECT,12
REJECT,0
REJECT,12
REJECT,36
REJECT,25
REJECT,18
REJECT,25
SHORTLIST,525
SHORTLIST,34
SHORTLIST,41
SHORTLIST,3
SHORTLIST,0
SHORTLIST,20
SHORTLIST,26
SHORTLIST,20
SHORTLIST,0
SHORTLIST,0
SHORTLIST,21
SHORTLIST,20
SHORTLIST,35
SHORTLIST,28
SHORTLIST,32
REJECT,0
REJECT,20
REJECT,4
REJECT,15
REJECT,15
REJECT,9
REJECT,25
REJECT,20
REJECT,0
REJECT,46
REJECT,0
REJECT,22
REJECT,25
REJECT,23
REJECT,25
REJECT,30
REJECT,17
REJECT,20
REJECT,20
REJECT,27
REJECT,14
REJECT,20
REJECT,8
REJECT,13
REJECT,8
REJECT,7
REJECT,5
REJECT,36
REJECT,20
REJECT,3
REJECT,8
SHORTLIST,18
SHORTLIST,0
SHORTLIST,40
SHORTLIST,2
SHORTLIST,40
SHORTLIST,10
SHORTLIST,20
SHORTLIST,5
SHORTLIST,5
SHORTLIST,30
SHORTLIST,30
SHORTLIST,20
SHORTLIST,36
SHORTLIST,3
SHORTLIST,8
REJECT,25
REJECT,10
REJECT,7
REJECT,10
REJECT,0
REJECT,12
REJECT,9
REJECT,7
REJECT,8
REJECT,4
REJECT,15
REJECT,2
REJECT,0
REJECT,0
REJECT,24
REJECT,0
REJECT,6
REJECT,5
REJECT,3
REJECT,2
SHORTLIST,0
SHORTLIST,1
SHORTLIST,10
REJECT,0
REJECT,0
REJECT,15
REJECT,30
REJECT,0
REJECT,21
REJECT,17
REJECT,28
REJECT,3
REJECT,3
REJECT,5
REJECT,18
REJECT,14
REJECT,7
REJECT,5
REJECT,4
REJECT,15
REJECT,16
REJECT,17
REJECT,0
REJECT,20
REJECT,0
REJECT,0
REJECT,3
REJECT,0
REJECT,0
SHORTLIST,6
SHORTLIST,3
SHORTLIST,54
SHORTLIST,32
SHORTLIST,16
SHORTLIST,30
REJECT,10
REJECT,13
REJECT,3
REJECT,2
REJECT,7
REJECT,6
REJECT,5
REJECT,30
REJECT,5
SHORTLIST,0
SHORTLIST,0
SHORTLIST,18
SHORTLIST,2
REJECT,0
REJECT,0
REJECT,3
REJECT,17
REJECT,22
REJECT,6
REJECT,0
REJECT,0
REJECT,23
REJECT,7
REJECT,0
REJECT,8
REJECT,0
REJECT,5
REJECT,0
REJECT,35
REJECT,0
REJECT,8
REJECT,7
REJECT,0
REJECT,0
REJECT,8
REJECT,0
REJECT,19
REJECT,0
REJECT,0
SHORTLIST,30
SHORTLIST,15
SHORTLIST,7229
SHORTLIST,6
SHORTLIST,21
SHORTLIST,31
SHORTLIST,7
SHORTLIST,25
SHORTLIST,11
SHORTLIST,25
SHORTLIST,11
SHORTLIST,10
REJECT,29
REJECT,5
REJECT,0
REJECT,36
REJECT,35
REJECT,20
REJECT,40
REJECT,10
REJECT,12
REJECT,0
REJECT,17
REJECT,0
REJECT,0
REJECT,85
REJECT,20
REJECT,0
REJECT,0
REJECT,12
REJECT,27
REJECT,35
REJECT,12
REJECT,6
REJECT,4
REJECT,0
REJECT,0
REJECT,0
REJECT,35
REJECT,2
REJECT,15
REJECT,7
REJECT,25
REJECT,32
REJECT,40
REJECT,20
REJECT,0
REJECT,5
REJECT,0
REJECT,0
REJECT,0
REJECT,0
REJECT,15
REJECT,0
REJECT,10
REJECT,15
REJECT,3
REJECT,20
REJECT,0
REJECT,20
REJECT,45
SHORTLIST,1
SHORTLIST,25
SHORTLIST,25
SHORTLIST,5
SHORTLIST,25
SHORTLIST,2
SHORTLIST,0
SHORTLIST,20
SHORTLIST,20
SHORTLIST,11
REJECT,9
REJECT,14
REJECT,19
REJECT,8
REJECT,33
REJECT,3
REJECT,15
REJECT,5
REJECT,1
REJECT,13
REJECT,12
REJECT,0
REJECT,9
REJECT,6
REJECT,0
REJECT,20
REJECT,2
REJECT,0
REJECT,12
REJECT,15
REJECT,16
REJECT,3
REJECT,0
REJECT,6
REJECT,0
REJECT,8
REJECT,0
REJECT,12
REJECT,6
REJECT,3
REJECT,4
REJECT,0
REJECT,0
REJECT,10
REJECT,5
REJECT,5
SHORTLIST,3
REJECT,12
REJECT,7
REJECT,0
REJECT,10
REJECT,2
REJECT,0
REJECT,4
REJECT,0
REJECT,12
REJECT,32
REJECT,4
REJECT,0
REJECT,20
REJECT,0
REJECT,0
REJECT,9
REJECT,9000
REJECT,6
REJECT,20
REJECT,0
REJECT,11
REJECT,0
REJECT,20
REJECT,14
REJECT,8
REJECT,29
REJECT,0
REJECT,9
REJECT,5
REJECT,16
REJECT,0
REJECT,11
REJECT,15
REJECT,6
REJECT,0
REJECT,0
REJECT,9
REJECT,4
REJECT,10
REJECT,15
REJECT,11
REJECT,14
REJECT,0
REJECT,0
REJECT,5
REJECT,10
REJECT,4
REJECT,0
REJECT,6
REJECT,15
REJECT,4
REJECT,15
REJECT,6
REJECT,12
REJECT,13
REJECT,4
REJECT,0
SHORTLIST,5
SHORTLIST,25
SHORTLIST,11
SHORTLIST,0
REJECT,13
REJECT,18
REJECT,13
REJECT,20
REJECT,20
REJECT,5
REJECT,8
REJECT,36
REJECT,21
REJECT,12
REJECT,7
REJECT,1
REJECT,29
REJECT,0
REJECT,7
REJECT,0
REJECT,30
SHORTLIST,30
SHORTLIST,2
SHORTLIST,40
SHORTLIST,12
SHORTLIST,2
SHORTLIST,0
SHORTLIST,15
SHORTLIST,60
SHORTLIST,15
SHORTLIST,5
SHORTLIST,15
SHORTLIST,20
REJECT,0
REJECT,21
REJECT,45
REJECT,0
REJECT,20
REJECT,20
REJECT,0
REJECT,20
REJECT,15
REJECT,10
REJECT,20
REJECT,14
REJECT,35
REJECT,14
REJECT,44
REJECT,0
REJECT,0
REJECT,11
REJECT,1580
REJECT,20
REJECT,0
REJECT,0
SHORTLIST,30
SHORTLIST,15
SHORTLIST,35
REJECT,80
REJECT,15
REJECT,0
REJECT,4994
REJECT,0
REJECT,14
REJECT,20
REJECT,9
REJECT,3
REJECT,0
REJECT,5
REJECT,49
REJECT,14
REJECT,24
REJECT,20
REJECT,0
REJECT,5
REJECT,8
REJECT,0
REJECT,25
REJECT,20
REJECT,13
REJECT,0
REJECT,8
REJECT,0
REJECT,28
REJECT,0
REJECT,20
SHORTLIST,0
SHORTLIST,0
SHORTLIST,0
REJECT,24
REJECT,12
REJECT,13
REJECT,19
REJECT,3496
REJECT,7
REJECT,20
REJECT,8
REJECT,15
REJECT,0
REJECT,4
REJECT,29
REJECT,5
REJECT,20
REJECT,12
REJECT,19
REJECT,22
REJECT,0
SHORTLIST,12
SHORTLIST,4
REJECT,0
REJECT,0
REJECT,0
REJECT,0
REJECT,13
REJECT,0
REJECT,38
SHORTLIST,13
SHORTLIST,10
SHORTLIST,32
SHORTLIST,6
SHORTLIST,30
SHORTLIST,5
SHORTLIST,15
SHORTLIST,7
SHORTLIST,0
SHORTLIST,7
SHORTLIST,0
SHORTLIST,12
SHORTLIST,60
SHORTLIST,5
SHORTLIST,27
SHORTLIST,3
SHORTLIST,0
SHORTLIST,0
SHORTLIST,20
SHORTLIST,0
REJECT,10
REJECT,0
REJECT,29
REJECT,21
REJECT,26
REJECT,3
REJECT,5
REJECT,27
SHORTLIST,0
SHORTLIST,28
REJECT,18
REJECT,30
REJECT,15
REJECT,10
REJECT,15
REJECT,7
REJECT,8
REJECT,18
REJECT,7
REJECT,0
SHORTLIST,0
SHORTLIST,20
SHORTLIST,17
SHORTLIST,30
REJECT,13
REJECT,41
REJECT,15
REJECT,0
REJECT,0
REJECT,30
REJECT,0
REJECT,5
REJECT,0
REJECT,29
REJECT,10
REJECT,3
REJECT,15
REJECT,0
REJECT,23
REJECT,20
REJECT,12
REJECT,15
REJECT,50
REJECT,20
REJECT,0
REJECT,37
REJECT,40
REJECT,4
REJECT,50
REJECT,25
REJECT,0
REJECT,20
REJECT,20
REJECT,10
REJECT,30
REJECT,5
REJECT,8
REJECT,3
REJECT,40
REJECT,30
REJECT,125
REJECT,6
REJECT,9
REJECT,11
REJECT,0
REJECT,30
REJECT,0
REJECT,12
REJECT,25
REJECT,0
REJECT,13
REJECT,17
REJECT,27
REJECT,45
REJECT,40
REJECT,20
REJECT,5
REJECT,20
REJECT,37
REJECT,16
SHORTLIST,10
SHORTLIST,5
SHORTLIST,40
SHORTLIST,4
SHORTLIST,36
SHORTLIST,0
SHORTLIST,20
SHORTLIST,0
SHORTLIST,25
SHORTLIST,35
SHORTLIST,11
REJECT,7
REJECT,12
REJECT,5
REJECT,25
REJECT,5
REJECT,0
REJECT,12
REJECT,0
REJECT,0
REJECT,10
REJECT,39
REJECT,0
REJECT,0
SHORTLIST,46
SHORTLIST,15
SHORTLIST,8
SHORTLIST,10
REJECT,20
REJECT,2
REJECT,5
REJECT,21
REJECT,11
REJECT,4
REJECT,0
REJECT,0
REJECT,10
REJECT,19
REJECT,10
REJECT,4
REJECT,5
REJECT,12
REJECT,0
REJECT,2
REJECT,5
REJECT,9
REJECT,2
REJECT,2
REJECT,0
REJECT,5
REJECT,13
SHORTLIST,3
SHORTLIST,0
SHORTLIST,5
SHORTLIST,18
SHORTLIST,20
SHORTLIST,0
REJECT,20
REJECT,8
REJECT,15
REJECT,0
REJECT,15
REJECT,29
REJECT,0
REJECT,35
REJECT,4
REJECT,8
REJECT,0
REJECT,14
REJECT,20
REJECT,6
REJECT,0
REJECT,3
REJECT,10
REJECT,22
REJECT,10
REJECT,30
REJECT,0
REJECT,3
REJECT,0
REJECT,17
REJECT,3
REJECT,30
REJECT,120
REJECT,46
REJECT,30
REJECT,0
REJECT,20
REJECT,6
REJECT,20
REJECT,102
REJECT,9
REJECT,11
REJECT,10
REJECT,15
REJECT,0
REJECT,3
REJECT,11
REJECT,15
REJECT,17
REJECT,0
REJECT,0
REJECT,0
REJECT,30
REJECT,0
REJECT,10
REJECT,35
REJECT,25
REJECT,8
REJECT,37
REJECT,24
REJECT,15
REJECT,30
REJECT,25
REJECT,25
REJECT,0
SHORTLIST,11
SHORTLIST,20
SHORTLIST,0
SHORTLIST,15
SHORTLIST,20
SHORTLIST,25
SHORTLIST,20
SHORTLIST,20
SHORTLIST,39
SHORTLIST,22
SHORTLIST,100
SHORTLIST,0
SHORTLIST,30
SHORTLIST,25
SHORTLIST,37
SHORTLIST,40
SHORTLIST,0
SHORTLIST,2
SHORTLIST,20
SHORTLIST,2023
SHORTLIST,0
SHORTLIST,2
REJECT,25
REJECT,20
REJECT,3
REJECT,22
REJECT,12
REJECT,7
REJECT,8
REJECT,20
REJECT,22
REJECT,30
REJECT,0
REJECT,25
REJECT,31
REJECT,2
REJECT,37
REJECT,20
REJECT,0
REJECT,23
REJECT,0
REJECT,15
REJECT,10
REJECT,9
REJECT,3
REJECT,5
REJECT,100
REJECT,18
REJECT,0
REJECT,1
REJECT,2
REJECT,13
REJECT,27
REJECT,22
REJECT,34
REJECT,12
REJECT,8
REJECT,20
REJECT,15
REJECT,20
REJECT,25
REJECT,20
REJECT,18
REJECT,10
REJECT,15
REJECT,0
REJECT,5
REJECT,30
REJECT,0
REJECT,0
REJECT,15
REJECT,0
REJECT,8
REJECT,16
REJECT,8
REJECT,1
REJECT,20
REJECT,14
REJECT,27
REJECT,25
REJECT,31
REJECT,18
REJECT,30
REJECT,30
REJECT,10
REJECT,4
REJECT,7
REJECT,6
SHORTLIST,0
SHORTLIST,5
REJECT,2
REJECT,5
REJECT,13
REJECT,32
REJECT,0
REJECT,31
REJECT,41
REJECT,18
REJECT,16
REJECT,13
REJECT,19
REJECT,18
REJECT,4
REJECT,9
REJECT,6
REJECT,0
REJECT,12
REJECT,2
REJECT,23
REJECT,0
REJECT,0
REJECT,19
REJECT,0
REJECT,27
SHORTLIST,28
SHORTLIST,0
SHORTLIST,6
SHORTLIST,30
REJECT,25
REJECT,36
REJECT,6
REJECT,0
REJECT,0
REJECT,7
REJECT,13
REJECT,35
REJECT,11
REJECT,0
REJECT,0
REJECT,0
REJECT,20
REJECT,0
REJECT,25
REJECT,17
REJECT,25
REJECT,30
REJECT,9
REJECT,4
REJECT,11
REJECT,9
REJECT,9
REJECT,0
REJECT,12
REJECT,0
REJECT,5
REJECT,0
REJECT,0
REJECT,29
REJECT,0
REJECT,29
REJECT,15
REJECT,15
REJECT,0
REJECT,0
REJECT,9
REJECT,10
REJECT,14
SHORTLIST,0
SHORTLIST,21
SHORTLIST,35
SHORTLIST,2
SHORTLIST,8
SHORTLIST,36
REJECT,15
REJECT,4
REJECT,4
REJECT,22
REJECT,4
REJECT,19
REJECT,22
REJECT,9
REJECT,0
REJECT,0
REJECT,18
REJECT,5
REJECT,20
REJECT,3
REJECT,5
REJECT,6
REJECT,3
REJECT,15
REJECT,6
REJECT,10
REJECT,28
REJECT,0
REJECT,0
REJECT,0
REJECT,15
REJECT,9
REJECT,6
REJECT,0
REJECT,20
REJECT,3
REJECT,6
REJECT,4
REJECT,20
REJECT,12
REJECT,6
REJECT,11
REJECT,0
REJECT,10
REJECT,17
REJECT,21
REJECT,4
REJECT,0
REJECT,0
REJECT,5
REJECT,0
REJECT,14
REJECT,4
REJECT,0
REJECT,15
REJECT,3
REJECT,0
REJECT,0
REJECT,4
REJECT,3
REJECT,10
REJECT,20
REJECT,4
REJECT,11
REJECT,15
SHORTLIST,0
SHORTLIST,2
SHORTLIST,17
SHORTLIST,10
SHORTLIST,25
SHORTLIST,16
REJECT,18
REJECT,15
REJECT,0
REJECT,10
REJECT,10
REJECT,11
REJECT,14
REJECT,28
REJECT,8
REJECT,49
REJECT,39
REJECT,21
REJECT,9
REJECT,143
REJECT,5
REJECT,7
REJECT,28
REJECT,0
REJECT,0
REJECT,34
REJECT,27
REJECT,20
REJECT,30
REJECT,11
SHORTLIST,12
SHORTLIST,5
SHORTLIST,20
SHORTLIST,4
SHORTLIST,2
SHORTLIST,10
SHORTLIST,12
SHORTLIST,5
SHORTLIST,0
SHORTLIST,13
SHORTLIST,23
SHORTLIST,8
SHORTLIST,10
SHORTLIST,8
REJECT,25
REJECT,4
REJECT,0
REJECT,0
REJECT,5
SHORTLIST,31
REJECT,13
REJECT,11
REJECT,6
REJECT,4
REJECT,18
REJECT,4
REJECT,20
REJECT,2
REJECT,22
REJECT,23
REJECT,13
REJECT,8
REJECT,0
REJECT,6
REJECT,5
REJECT,3
REJECT,20
REJECT,19
REJECT,21
REJECT,4
REJECT,22
REJECT,0
REJECT,9
REJECT,0
REJECT,8
REJECT,15
REJECT,22
REJECT,10
REJECT,0
SHORTLIST,4
SHORTLIST,24
REJECT,0
REJECT,15
REJECT,21
REJECT,10
REJECT,10
REJECT,5
REJECT,17
REJECT,4
REJECT,5
REJECT,0
REJECT,0
REJECT,30
REJECT,0
REJECT,14
REJECT,50
REJECT,10
REJECT,8
REJECT,2
REJECT,9
REJECT,25
REJECT,0
REJECT,18
REJECT,8
REJECT,6
REJECT,0
REJECT,0
REJECT,0
SHORTLIST,20
SHORTLIST,6
SHORTLIST,17
SHORTLIST,15
SHORTLIST,0
SHORTLIST,17
REJECT,2
REJECT,10
REJECT,14
REJECT,14
REJECT,28
REJECT,0
REJECT,0
REJECT,11
REJECT,0
REJECT,10
REJECT,0
SHORTLIST,15
SHORTLIST,10
REJECT,19
REJECT,13
REJECT,1
REJECT,0
REJECT,3
REJECT,0
REJECT,0
REJECT,5
REJECT,35
REJECT,26
REJECT,15
REJECT,0
REJECT,30
REJECT,16
REJECT,0
REJECT,17
REJECT,7
REJECT,10
REJECT,3
REJECT,17
REJECT,7
REJECT,0
REJECT,4
REJECT,0
REJECT,0
REJECT,0
SHORTLIST,36
SHORTLIST,20
SHORTLIST,13
SHORTLIST,31
SHORTLIST,13
SHORTLIST,30
SHORTLIST,0
SHORTLIST,9
SHORTLIST,1
SHORTLIST,20
SHORTLIST,0
SHORTLIST,0
SHORTLIST,29
SHORTLIST,16
SHORTLIST,19
SHORTLIST,36
SHORTLIST,18
SHORTLIST,15
SHORTLIST,20
SHORTLIST,2541
SHORTLIST,5
SHORTLIST,35
SHORTLIST,15
SHORTLIST,1
SHORTLIST,11
SHORTLIST,21
SHORTLIST,12
REJECT,22
REJECT,30
REJECT,0
REJECT,7
REJECT,30
REJECT,31
REJECT,7
REJECT,14
REJECT,41
REJECT,13
REJECT,0
REJECT,16
REJECT,0
REJECT,23
REJECT,20
REJECT,4
REJECT,8
REJECT,3
REJECT,24
REJECT,4
REJECT,0
REJECT,21
REJECT,18
REJECT,3
REJECT,0
REJECT,0
REJECT,37
SHORTLIST,0
SHORTLIST,15
REJECT,15
REJECT,25
REJECT,25
REJECT,20
REJECT,35
REJECT,15
REJECT,27
REJECT,3
REJECT,25
REJECT,11
REJECT,25
REJECT,4
REJECT,30
REJECT,20
REJECT,27
REJECT,0
REJECT,44
REJECT,0
REJECT,10
REJECT,4
REJECT,7
SHORTLIST,12
SHORTLIST,13
SHORTLIST,8
SHORTLIST,0
SHORTLIST,20
REJECT,13
REJECT,14
REJECT,13
REJECT,23
REJECT,25
REJECT,25
REJECT,10
REJECT,20
REJECT,23
REJECT,9
REJECT,10
REJECT,15
REJECT,30
REJECT,0
REJECT,20
REJECT,27
REJECT,2
REJECT,37
REJECT,3
REJECT,16
REJECT,15
REJECT,34
REJECT,2
REJECT,14
SHORTLIST,39
SHORTLIST,11
SHORTLIST,20
SHORTLIST,12
SHORTLIST,0
REJECT,16
REJECT,7
REJECT,38
REJECT,18
REJECT,0
REJECT,2
REJECT,9000
REJECT,10
REJECT,0
REJECT,0
REJECT,6
REJECT,0
REJECT,10
REJECT,75
REJECT,0
REJECT,10
REJECT,15
REJECT,5
REJECT,2
REJECT,10
REJECT,1
REJECT,0
REJECT,2
REJECT,2
REJECT,19
REJECT,6
REJECT,17
REJECT,12
REJECT,14
REJECT,20
REJECT,11
REJECT,2
REJECT,0
REJECT,9
REJECT,20
REJECT,0
REJECT,5
REJECT,23
REJECT,22
REJECT,0
REJECT,2
REJECT,0
REJECT,0
REJECT,13
REJECT,10
REJECT,0
REJECT,14
REJECT,3
REJECT,15
REJECT,27
REJECT,11
REJECT,6
REJECT,8
REJECT,15
REJECT,0
REJECT,0
REJECT,7
REJECT,19
REJECT,17
REJECT,15
SHORTLIST,20
SHORTLIST,23
SHORTLIST,9
SHORTLIST,10
REJECT,19
REJECT,5
REJECT,10
REJECT,4
REJECT,33
REJECT,4
REJECT,32
REJECT,18
REJECT,15
REJECT,0
REJECT,0
REJECT,0
REJECT,9
REJECT,4
REJECT,14
REJECT,17
REJECT,0
REJECT,7
REJECT,21
REJECT,5
REJECT,0
REJECT,30
SHORTLIST,20
SHORTLIST,0
SHORTLIST,18
REJECT,2
REJECT,5
REJECT,6
REJECT,14
REJECT,7
REJECT,10
REJECT,0
REJECT,21
REJECT,19
REJECT,0
REJECT,22
SHORTLIST,3
SHORTLIST,12
SHORTLIST,28
SHORTLIST,15
SHORTLIST,10
SHORTLIST,21
SHORTLIST,10
REJECT,5
REJECT,0
REJECT,0
REJECT,9
REJECT,9
REJECT,13
REJECT,2
REJECT,20
REJECT,5
REJECT,7
REJECT,0
REJECT,3
REJECT,10
REJECT,0
REJECT,20
REJECT,0
REJECT,21
REJECT,24
REJECT,10
REJECT,6
REJECT,14
REJECT,19
REJECT,11
REJECT,14
REJECT,0
REJECT,9
REJECT,7
REJECT,30
REJECT,0
REJECT,0
REJECT,2
REJECT,26
SHORTLIST,15
SHORTLIST,4
SHORTLIST,0
SHORTLIST,7
SHORTLIST,0
SHORTLIST,19
REJECT,0
REJECT,0
REJECT,6
REJECT,7
REJECT,7
REJECT,0
REJECT,0
REJECT,10
REJECT,0
REJECT,14
REJECT,10
REJECT,7
REJECT,1
REJECT,2
REJECT,0
REJECT,2
REJECT,1
REJECT,0
REJECT,7
REJECT,0
REJECT,2
REJECT,7
REJECT,2
REJECT,10
REJECT,7
REJECT,15
REJECT,0
REJECT,5
REJECT,22
REJECT,18
REJECT,0
REJECT,0
REJECT,14
REJECT,0
REJECT,2
REJECT,0
REJECT,40
REJECT,2
REJECT,6
REJECT,0
REJECT,11
REJECT,0
REJECT,0
REJECT,0
REJECT,0
REJECT,4
SHORTLIST,7
SHORTLIST,15
SHORTLIST,16
SHORTLIST,15
SHORTLIST,8
SHORTLIST,3
SHORTLIST,15
REJECT,0
REJECT,0
REJECT,25
REJECT,7
REJECT,3
REJECT,0
REJECT,14
REJECT,0
REJECT,0
REJECT,7
SHORTLIST,40
SHORTLIST,17
SHORTLIST,20
SHORTLIST,7
SHORTLIST,17
SHORTLIST,15
REJECT,1
REJECT,4857
REJECT,20
REJECT,0
REJECT,39
REJECT,0
REJECT,0
REJECT,37
REJECT,3
REJECT,0
REJECT,19
REJECT,10
REJECT,0
REJECT,2
REJECT,35
REJECT,15
REJECT,0
REJECT,0
REJECT,0
REJECT,20
REJECT,6
REJECT,0
REJECT,0
REJECT,55
REJECT,0
REJECT,30
REJECT,6
REJECT,25
REJECT,6
REJECT,0
REJECT,20
REJECT,15
REJECT,6
REJECT,0
REJECT,0
REJECT,20
REJECT,8
REJECT,30
REJECT,24
REJECT,0
REJECT,25
REJECT,4
REJECT,10
REJECT,30
REJECT,20
REJECT,32
REJECT,1
REJECT,0
REJECT,18
REJECT,27
REJECT,15
REJECT,1
REJECT,16
REJECT,0
REJECT,0
REJECT,0
REJECT,13
REJECT,35
REJECT,6
REJECT,100
REJECT,0
REJECT,0
REJECT,7
REJECT,0
REJECT,17
REJECT,20
REJECT,32
REJECT,12
REJECT,25
REJECT,13
SHORTLIST,25
SHORTLIST,25
SHORTLIST,25
SHORTLIST,19
SHORTLIST,22
SHORTLIST,25
SHORTLIST,3
SHORTLIST,20
SHORTLIST,30
SHORTLIST,8
SHORTLIST,100
SHORTLIST,12
SHORTLIST,20
REJECT,11
REJECT,0
REJECT,15
REJECT,0
REJECT,0
SHORTLIST,15
SHORTLIST,10
SHORTLIST,7
SHORTLIST,30
SHORTLIST,8
SHORTLIST,0
SHORTLIST,0
SHORTLIST,10
REJECT,4
REJECT,0
REJECT,0
REJECT,55
REJECT,10
REJECT,7
REJECT,30
REJECT,6
REJECT,0
REJECT,11
REJECT,14
REJECT,20
REJECT,0
REJECT,8
REJECT,12
REJECT,18
REJECT,44
REJECT,5
REJECT,0
REJECT,17
REJECT,1
REJECT,8
REJECT,8
REJECT,24
REJECT,19
REJECT,3
REJECT,60
REJECT,24
REJECT,0
REJECT,24
REJECT,20
REJECT,0
REJECT,35
REJECT,0
REJECT,30
REJECT,9
REJECT,0
REJECT,4007
REJECT,0
REJECT,0
REJECT,9
REJECT,28
REJECT,0
REJECT,17
REJECT,15
REJECT,0
SHORTLIST,17
REJECT,19
REJECT,0
REJECT,15
REJECT,20
REJECT,16
REJECT,0
REJECT,20
REJECT,15
REJECT,20
REJECT,15
REJECT,20
REJECT,16
REJECT,3
REJECT,3
REJECT,4
REJECT,36
REJECT,32
REJECT,0
REJECT,8
REJECT,21
REJECT,0
REJECT,20
REJECT,3
REJECT,3
REJECT,0
REJECT,28
REJECT,2
REJECT,41
REJECT,7
REJECT,20
REJECT,26
REJECT,15
REJECT,20
REJECT,0
REJECT,50
REJECT,7
REJECT,16
REJECT,5
REJECT,4
REJECT,1
REJECT,0
REJECT,0
REJECT,0
REJECT,40
REJECT,20
REJECT,31
REJECT,25
REJECT,14
REJECT,4
REJECT,30
REJECT,0
REJECT,20
REJECT,36
REJECT,20
REJECT,31
REJECT,34
REJECT,6
REJECT,8
REJECT,1
REJECT,25
REJECT,20
REJECT,15
REJECT,0
REJECT,0
REJECT,2
REJECT,28
REJECT,15
REJECT,32
REJECT,110
REJECT,17
REJECT,15
REJECT,15
REJECT,6
REJECT,12
REJECT,2
REJECT,0
REJECT,8
REJECT,15
REJECT,29
REJECT,45
REJECT,20
REJECT,1
REJECT,0
REJECT,24
REJECT,10
REJECT,30
REJECT,20
REJECT,20
REJECT,20
REJECT,10
REJECT,7
REJECT,15
REJECT,0
REJECT,10
SHORTLIST,7
SHORTLIST,18
SHORTLIST,20
SHORTLIST,14
SHORTLIST,6
SHORTLIST,20
SHORTLIST,17
SHORTLIST,33
SHORTLIST,18
SHORTLIST,23
SHORTLIST,20
SHORTLIST,30
SHORTLIST,20
SHORTLIST,20
SHORTLIST,25
SHORTLIST,14
SHORTLIST,0
REJECT,0
REJECT,0
REJECT,0
REJECT,8
REJECT,5
REJECT,0
REJECT,0
REJECT,9
REJECT,4
REJECT,0
REJECT,7
REJECT,0
REJECT,35
REJECT,10
REJECT,0
REJECT,22
REJECT,40
REJECT,20
SHORTLIST,30
SHORTLIST,55
SHORTLIST,19
SHORTLIST,3290
SHORTLIST,44
SHORTLIST,5
SHORTLIST,10
SHORTLIST,12
SHORTLIST,4
SHORTLIST,0
SHORTLIST,0
SHORTLIST,11
SHORTLIST,17
REJECT,11
REJECT,4
REJECT,15
REJECT,28
REJECT,18
REJECT,27
REJECT,0
REJECT,35
REJECT,4
REJECT,0
REJECT,20
REJECT,5
SHORTLIST,0
SHORTLIST,13
REJECT,4
REJECT,10
REJECT,9
REJECT,19
REJECT,0
REJECT,10
REJECT,0
REJECT,0
REJECT,2
REJECT,0
REJECT,0
REJECT,21
REJECT,0
REJECT,15
REJECT,10
REJECT,29
REJECT,6
SHORTLIST,23
SHORTLIST,16
SHORTLIST,0
SHORTLIST,19
REJECT,0
REJECT,12
REJECT,0
REJECT,8
REJECT,6
REJECT,0
REJECT,8
REJECT,8
REJECT,2
REJECT,7
REJECT,3
REJECT,3
REJECT,0
REJECT,8
REJECT,7
REJECT,12
REJECT,0
REJECT,6
REJECT,0
REJECT,1
REJECT,4
REJECT,31
REJECT,2
REJECT,5
REJECT,6
REJECT,8
REJECT,21
REJECT,15
REJECT,0
REJECT,10
REJECT,8
REJECT,0
REJECT,0
REJECT,0
REJECT,4
REJECT,2
REJECT,11
REJECT,6
REJECT,0
REJECT,3
REJECT,4
REJECT,0
REJECT,0
REJECT,21
REJECT,0
REJECT,13
REJECT,8
REJECT,14
REJECT,4
REJECT,5
REJECT,0
SHORTLIST,0
SHORTLIST,6
SHORTLIST,20
REJECT,5
REJECT,2
REJECT,20
REJECT,20
REJECT,20
REJECT,14
REJECT,25
REJECT,2
REJECT,6
REJECT,0
REJECT,9
REJECT,15
REJECT,30
REJECT,35
REJECT,0
REJECT,3
REJECT,0
SHORTLIST,15
SHORTLIST,25
SHORTLIST,30
SHORTLIST,20
SHORTLIST,0
SHORTLIST,20
SHORTLIST,20
REJECT,17
REJECT,0
REJECT,13
REJECT,18
REJECT,7
REJECT,0
SHORTLIST,27
SHORTLIST,30
SHORTLIST,26
SHORTLIST,20
SHORTLIST,23
SHORTLIST,16
SHORTLIST,26
SHORTLIST,35
SHORTLIST,8
REJECT,1
REJECT,5
REJECT,0
REJECT,17
REJECT,0
REJECT,0
REJECT,15
REJECT,16
REJECT,17
REJECT,17
REJECT,19
REJECT,0
REJECT,10
REJECT,18
REJECT,0
REJECT,20
REJECT,15
REJECT,0
REJECT,25
REJECT,0
REJECT,16
REJECT,29
REJECT,15
REJECT,18
REJECT,0
REJECT,25
REJECT,14
REJECT,25
REJECT,10
REJECT,11
REJECT,0
REJECT,0
SHORTLIST,16
SHORTLIST,19
SHORTLIST,14
SHORTLIST,25
REJECT,15
REJECT,6
REJECT,0
REJECT,7
REJECT,6
REJECT,7
REJECT,12
REJECT,12
REJECT,0
REJECT,15
REJECT,10
REJECT,4
REJECT,0
REJECT,37
REJECT,10
REJECT,13
REJECT,14
REJECT,28
REJECT,0
REJECT,4
REJECT,26
REJECT,8
REJECT,0
REJECT,25
REJECT,35
REJECT,0
REJECT,8
REJECT,14
REJECT,30
REJECT,9
SHORTLIST,12
REJECT,0
REJECT,16
REJECT,0
REJECT,1
REJECT,0
REJECT,0
REJECT,9
REJECT,11
REJECT,2
REJECT,6
REJECT,0
SHORTLIST,9
SHORTLIST,2
REJECT,20
REJECT,25
REJECT,8
REJECT,11
REJECT,44
REJECT,0
REJECT,0
REJECT,35
REJECT,20
REJECT,15
REJECT,0
REJECT,9
REJECT,6
REJECT,34
REJECT,30
REJECT,0
REJECT,41
REJECT,34
REJECT,10
REJECT,0
REJECT,0
REJECT,0
REJECT,5
SHORTLIST,25
SHORTLIST,41
SHORTLIST,10
SHORTLIST,4
REJECT,2009
REJECT,0
REJECT,2
REJECT,0
REJECT,0
REJECT,6
REJECT,5
REJECT,10
REJECT,3
REJECT,0
REJECT,25
REJECT,8
SHORTLIST,46
SHORTLIST,20
SHORTLIST,2
SHORTLIST,8
REJECT,14
REJECT,19
SHORTLIST,14
SHORTLIST,0
REJECT,300
REJECT,0
REJECT,0
REJECT,0
REJECT,25
REJECT,12
REJECT,11
REJECT,500
REJECT,7
REJECT,18
REJECT,0
REJECT,35
REJECT,0
REJECT,0
REJECT,12
SHORTLIST,15
SHORTLIST,15
SHORTLIST,7
SHORTLIST,0
SHORTLIST,11
SHORTLIST,4
SHORTLIST,20
SHORTLIST,14
SHORTLIST,7
SHORTLIST,5
SHORTLIST,20
SHORTLIST,15
SHORTLIST,10
SHORTLIST,30
SHORTLIST,10
SHORTLIST,0
SHORTLIST,7
SHORTLIST,10
SHORTLIST,30
SHORTLIST,17
SHORTLIST,1
SHORTLIST,3
SHORTLIST,8
SHORTLIST,18
SHORTLIST,10
REJECT,0
REJECT,5
REJECT,15
REJECT,0
REJECT,8
REJECT,20
REJECT,5
REJECT,0
REJECT,0
REJECT,43
REJECT,20
REJECT,0
REJECT,8
REJECT,5
REJECT,0
REJECT,6
SHORTLIST,15
REJECT,20
REJECT,5
REJECT,40
REJECT,4
REJECT,0
REJECT,23
REJECT,17
REJECT,0
REJECT,22
REJECT,28
REJECT,0
REJECT,10
SHORTLIST,36
SHORTLIST,25
SHORTLIST,20
SHORTLIST,0
SHORTLIST,39
SHORTLIST,15
SHORTLIST,27
REJECT,25
REJECT,12
REJECT,22
REJECT,4
REJECT,25
REJECT,15
REJECT,16
REJECT,10
REJECT,6
REJECT,14
REJECT,4
REJECT,15
REJECT,5
REJECT,3
REJECT,11
REJECT,0
REJECT,0
REJECT,15
REJECT,23
REJECT,0
REJECT,0
REJECT,23
REJECT,12
REJECT,8
REJECT,0
REJECT,13
REJECT,0
REJECT,7
REJECT,7
REJECT,16
REJECT,18
REJECT,5
REJECT,0
REJECT,0
REJECT,0
REJECT,25
REJECT,23
REJECT,15
REJECT,0
REJECT,16
REJECT,25
REJECT,5
REJECT,10
REJECT,25
REJECT,0
REJECT,40
REJECT,23
REJECT,0
REJECT,9
SHORTLIST,24
SHORTLIST,38
SHORTLIST,1
REJECT,0
REJECT,0
REJECT,37
REJECT,10
REJECT,0
REJECT,7
REJECT,0
REJECT,0
REJECT,15
REJECT,0
REJECT,34
REJECT,16
REJECT,35
REJECT,0
REJECT,0
REJECT,6
REJECT,0
REJECT,1
REJECT,19
REJECT,18
REJECT,0
REJECT,24
REJECT,5
REJECT,17
REJECT,0
REJECT,0
REJECT,8
REJECT,0
REJECT,0
REJECT,25
REJECT,2
REJECT,0
REJECT,0
REJECT,24
REJECT,0
REJECT,0
REJECT,12
REJECT,8
REJECT,15
SHORTLIST,6
SHORTLIST,7
SHORTLIST,20
SHORTLIST,25
SHORTLIST,0
REJECT,22
REJECT,8
REJECT,10
REJECT,21
REJECT,0
REJECT,14
REJECT,6
REJECT,10
REJECT,4
REJECT,11
REJECT,0
REJECT,24
SHORTLIST,20
REJECT,4
REJECT,5
REJECT,10
REJECT,20
REJECT,20
REJECT,20
REJECT,13
REJECT,2
REJECT,7
REJECT,20
REJECT,13
REJECT,0
REJECT,1
REJECT,20
REJECT,0
REJECT,8
REJECT,0
REJECT,15
REJECT,0
REJECT,0
REJECT,6
REJECT,24
REJECT,0
REJECT,0
REJECT,10
REJECT,22
REJECT,22
SHORTLIST,15
REJECT,0
REJECT,33
REJECT,10
REJECT,30
REJECT,22
REJECT,22
REJECT,0
REJECT,35
REJECT,10
REJECT,100
REJECT,25
REJECT,25
REJECT,2
REJECT,0
SHORTLIST,1
SHORTLIST,25
REJECT,5
REJECT,8
REJECT,10
REJECT,0
REJECT,5
REJECT,11
REJECT,15
REJECT,0
REJECT,4
REJECT,16
REJECT,0
REJECT,11
REJECT,19
REJECT,0
SHORTLIST,0
SHORTLIST,7
REJECT,30
REJECT,15
REJECT,25
REJECT,20
REJECT,30
REJECT,0
REJECT,9
REJECT,15
REJECT,27
REJECT,8
REJECT,17
REJECT,15
REJECT,0
REJECT,25
SHORTLIST,26
SHORTLIST,19
SHORTLIST,21
REJECT,9
REJECT,1
REJECT,7
REJECT,0
REJECT,10
REJECT,15
REJECT,15
REJECT,6
REJECT,9
REJECT,12
REJECT,10
REJECT,7
SHORTLIST,34
REJECT,10
REJECT,18
REJECT,0
REJECT,20
REJECT,13
REJECT,9
REJECT,15
REJECT,20
REJECT,8
REJECT,15
REJECT,15
REJECT,2
REJECT,28
REJECT,0
REJECT,15
REJECT,0
REJECT,30
REJECT,45
REJECT,0
REJECT,25
REJECT,20
REJECT,6
REJECT,15
REJECT,0
REJECT,20
REJECT,8
SHORTLIST,30
SHORTLIST,40
SHORTLIST,0
SHORTLIST,16
SHORTLIST,46
SHORTLIST,7
SHORTLIST,30
SHORTLIST,10
REJECT,34
REJECT,31
REJECT,20
REJECT,10
REJECT,23
REJECT,20
REJECT,0
REJECT,32
REJECT,26
REJECT,19
REJECT,0
REJECT,450
REJECT,0
REJECT,10
REJECT,21
REJECT,20
REJECT,8
REJECT,0
REJECT,23
REJECT,7
REJECT,38
REJECT,0
REJECT,20
REJECT,10
REJECT,2
REJECT,0
REJECT,34
REJECT,9
REJECT,5
REJECT,7
REJECT,4
REJECT,0
REJECT,7
REJECT,15
REJECT,0
REJECT,3
REJECT,25
REJECT,30
REJECT,3
REJECT,0
REJECT,12
REJECT,40
REJECT,24
REJECT,0
REJECT,31
REJECT,7
REJECT,20
REJECT,35
REJECT,15
REJECT,15
REJECT,14
REJECT,0
REJECT,4
REJECT,0
REJECT,18
REJECT,19
REJECT,24
REJECT,3
REJECT,18
REJECT,0
REJECT,0
REJECT,0
REJECT,0
REJECT,5
REJECT,0
REJECT,60
REJECT,38
REJECT,25
REJECT,25
REJECT,29
REJECT,0
REJECT,15
REJECT,20
REJECT,6
REJECT,20
REJECT,0
REJECT,18
REJECT,27
REJECT,4
REJECT,0
REJECT,15
REJECT,0
REJECT,25
REJECT,25
REJECT,3
REJECT,0
REJECT,0
REJECT,0
REJECT,29
REJECT,8
REJECT,40
REJECT,18
REJECT,17
REJECT,3
REJECT,0
SHORTLIST,6
SHORTLIST,25
SHORTLIST,30
SHORTLIST,25
SHORTLIST,20
SHORTLIST,0
SHORTLIST,6
SHORTLIST,20
SHORTLIST,17
SHORTLIST,25
SHORTLIST,0
SHORTLIST,25
REJECT,9
REJECT,17
REJECT,18
REJECT,11
REJECT,7
REJECT,0
REJECT,12
SHORTLIST,9
SHORTLIST,3262
REJECT,0
REJECT,0
REJECT,0
SHORTLIST,20
SHORTLIST,20
SHORTLIST,0
SHORTLIST,30
SHORTLIST,13
REJECT,6
REJECT,60
REJECT,30
REJECT,21
REJECT,2
REJECT,21
REJECT,15
REJECT,10
REJECT,5
REJECT,85
REJECT,34
REJECT,75
REJECT,10
REJECT,20
REJECT,0
REJECT,10
REJECT,7
REJECT,20
REJECT,12
REJECT,27
REJECT,26
REJECT,0
REJECT,14
REJECT,29
REJECT,7
REJECT,4
REJECT,3
REJECT,5
REJECT,16
REJECT,25
REJECT,23
REJECT,0
REJECT,36
REJECT,22
SHORTLIST,20
SHORTLIST,15
SHORTLIST,0
REJECT,9
REJECT,31
SHORTLIST,18
SHORTLIST,38
SHORTLIST,0
SHORTLIST,15
SHORTLIST,0
SHORTLIST,0
REJECT,17
REJECT,2
REJECT,0
REJECT,0
REJECT,14
REJECT,5
REJECT,11
REJECT,0
SHORTLIST,0
SHORTLIST,4
SHORTLIST,1
REJECT,0
REJECT,13
REJECT,5
REJECT,6
REJECT,31
REJECT,25
REJECT,35
REJECT,30
REJECT,27
REJECT,3
REJECT,9
REJECT,0
REJECT,13
REJECT,0
REJECT,21
REJECT,17
REJECT,8
REJECT,0
SHORTLIST,25
SHORTLIST,2
REJECT,0
REJECT,0
REJECT,8
REJECT,0
SHORTLIST,15
SHORTLIST,30
SHORTLIST,10
SHORTLIST,10
SHORTLIST,7
SHORTLIST,10
REJECT,0
REJECT,0
REJECT,12
REJECT,0
REJECT,0
REJECT,32
REJECT,0
REJECT,18
REJECT,35
REJECT,907
REJECT,4
REJECT,12
REJECT,0
REJECT,10
REJECT,0
REJECT,8
REJECT,14
SHORTLIST,5
SHORTLIST,25
SHORTLIST,20
SHORTLIST,1
SHORTLIST,0
REJECT,4
REJECT,3
REJECT,9000
REJECT,5
REJECT,6
REJECT,0
REJECT,0
REJECT,19
REJECT,14
REJECT,28
REJECT,1
REJECT,5
REJECT,11
REJECT,4
REJECT,13
REJECT,4
REJECT,0
REJECT,4
REJECT,27
REJECT,6
REJECT,2
REJECT,12
REJECT,4
REJECT,0
REJECT,34
REJECT,0
REJECT,4
REJECT,1803
REJECT,7
REJECT,8
REJECT,15
REJECT,7
REJECT,18
REJECT,8
REJECT,4
REJECT,0
REJECT,6
REJECT,0
REJECT,7
REJECT,0
REJECT,10
REJECT,11
REJECT,8
REJECT,0
REJECT,20
REJECT,15
REJECT,1
REJECT,34
REJECT,33
REJECT,8
REJECT,15
REJECT,23
REJECT,20
REJECT,27
REJECT,7
REJECT,10
REJECT,12
REJECT,20
REJECT,15
REJECT,7
REJECT,0
REJECT,0
REJECT,6
REJECT,0
REJECT,10
REJECT,12
REJECT,34
REJECT,11
REJECT,10
REJECT,15
REJECT,0
REJECT,15
REJECT,30
REJECT,0
REJECT,0
SHORTLIST,34
SHORTLIST,1
SHORTLIST,22
SHORTLIST,2
SHORTLIST,21
SHORTLIST,20
SHORTLIST,0
REJECT,3
REJECT,6
REJECT,0
REJECT,10
REJECT,17
REJECT,0
REJECT,2
REJECT,16
REJECT,0
REJECT,0
REJECT,12
REJECT,0
REJECT,21
REJECT,20
REJECT,3
REJECT,36
REJECT,26
REJECT,35
REJECT,0
REJECT,4
REJECT,5
REJECT,20
REJECT,15
REJECT,43
REJECT,39
REJECT,30
REJECT,14
REJECT,0
REJECT,15
REJECT,35
REJECT,20
REJECT,102
REJECT,25
REJECT,22
REJECT,7
REJECT,0
REJECT,0
REJECT,10
REJECT,29
REJECT,20
REJECT,26
REJECT,30
REJECT,16
REJECT,6
REJECT,15
REJECT,35
REJECT,20
REJECT,29
REJECT,0
REJECT,11
REJECT,15
REJECT,20
REJECT,25
REJECT,20
REJECT,7
REJECT,2
REJECT,20
REJECT,32
REJECT,0
REJECT,28
REJECT,0
REJECT,21
REJECT,4
REJECT,0
REJECT,12
REJECT,40
REJECT,20
REJECT,12
SHORTLIST,0
SHORTLIST,40
SHORTLIST,4
SHORTLIST,18
SHORTLIST,15
SHORTLIST,35
SHORTLIST,20
SHORTLIST,25
SHORTLIST,5
SHORTLIST,20
SHORTLIST,80
SHORTLIST,25
SHORTLIST,8
SHORTLIST,12
SHORTLIST,20
SHORTLIST,27
SHORTLIST,25
SHORTLIST,25
SHORTLIST,80
SHORTLIST,20
SHORTLIST,17
SHORTLIST,13
SHORTLIST,5
SHORTLIST,15
SHORTLIST,8
SHORTLIST,24
SHORTLIST,19
SHORTLIST,25
SHORTLIST,0
REJECT,19
REJECT,6
REJECT,0
REJECT,15
REJECT,4
REJECT,24
REJECT,0
REJECT,16
REJECT,24
REJECT,15
REJECT,70
SHORTLIST,27
SHORTLIST,14
REJECT,13
REJECT,5
REJECT,20
REJECT,0
REJECT,27
REJECT,12
REJECT,15
REJECT,17
REJECT,20
SHORTLIST,5
SHORTLIST,17
SHORTLIST,0
SHORTLIST,20
REJECT,0
REJECT,15
REJECT,3
REJECT,20
REJECT,0
REJECT,0
REJECT,30
REJECT,0
REJECT,30
REJECT,0
REJECT,20
REJECT,30
REJECT,10
REJECT,27
REJECT,30
SHORTLIST,15
SHORTLIST,3
SHORTLIST,34
SHORTLIST,25
SHORTLIST,0
SHORTLIST,6
SHORTLIST,25
REJECT,0
REJECT,0
REJECT,15
REJECT,0
REJECT,0
REJECT,20
REJECT,0
REJECT,0
REJECT,17
REJECT,0
REJECT,0
SHORTLIST,30
SHORTLIST,18
SHORTLIST,3
SHORTLIST,15
SHORTLIST,46
SHORTLIST,80
SHORTLIST,0
SHORTLIST,0
SHORTLIST,10
SHORTLIST,16
SHORTLIST,0
SHORTLIST,0
SHORTLIST,3
SHORTLIST,22
SHORTLIST,8
SHORTLIST,2
SHORTLIST,14
SHORTLIST,0
SHORTLIST,37
SHORTLIST,30
SHORTLIST,40
SHORTLIST,30
SHORTLIST,20
REJECT,3
REJECT,0
REJECT,14
REJECT,20
REJECT,1
REJECT,3
REJECT,18
REJECT,21
REJECT,6
REJECT,35
REJECT,20
REJECT,20
REJECT,0
REJECT,8
REJECT,13
REJECT,0
REJECT,18
REJECT,0
REJECT,26
REJECT,41
REJECT,0
REJECT,0
REJECT,19
REJECT,31
REJECT,4
REJECT,0
REJECT,12
REJECT,5
REJECT,38
REJECT,10
REJECT,0
REJECT,0
REJECT,17
REJECT,20
REJECT,0
REJECT,24
REJECT,20
REJECT,0
REJECT,9
REJECT,20
REJECT,15
REJECT,21
REJECT,4
REJECT,0
REJECT,0
REJECT,0
REJECT,8
REJECT,14
REJECT,7
REJECT,8
REJECT,5
REJECT,8
REJECT,0
REJECT,6
REJECT,0
REJECT,15
REJECT,23
REJECT,12
REJECT,0
REJECT,13
REJECT,8
REJECT,16
REJECT,0
REJECT,0
REJECT,20
REJECT,21
REJECT,7
REJECT,39
REJECT,15
REJECT,15
REJECT,25
REJECT,84
REJECT,12
REJECT,0
REJECT,0
REJECT,0
REJECT,4
REJECT,12
REJECT,0
REJECT,15
REJECT,14
REJECT,9
REJECT,16
SHORTLIST,0
SHORTLIST,26
SHORTLIST,32
SHORTLIST,19
SHORTLIST,30
REJECT,0
REJECT,0
REJECT,0
REJECT,2
REJECT,0
REJECT,7
REJECT,0
REJECT,20
REJECT,19
REJECT,0
REJECT,0
REJECT,0
REJECT,0
REJECT,16
REJECT,20
REJECT,0
REJECT,52
REJECT,27
SHORTLIST,25
SHORTLIST,27
SHORTLIST,36
SHORTLIST,46
SHORTLIST,20
SHORTLIST,25
SHORTLIST,37
SHORTLIST,19
SHORTLIST,49
SHORTLIST,12
SHORTLIST,100
SHORTLIST,12
SHORTLIST,36
SHORTLIST,0
SHORTLIST,40
SHORTLIST,25
SHORTLIST,11
SHORTLIST,35
SHORTLIST,11
REJECT,20
REJECT,13
REJECT,40
REJECT,17
REJECT,15
REJECT,23
REJECT,0
REJECT,2
REJECT,0
REJECT,22
REJECT,5
REJECT,5
REJECT,0
REJECT,2
REJECT,0
REJECT,16
REJECT,20
REJECT,5
REJECT,457
REJECT,0
REJECT,13
REJECT,15
REJECT,0
REJECT,0
REJECT,0
REJECT,7
REJECT,0
REJECT,26
REJECT,0
REJECT,25
REJECT,2
REJECT,20
REJECT,30
REJECT,5
REJECT,10
REJECT,13
REJECT,0
REJECT,36
REJECT,16
REJECT,15
REJECT,10
REJECT,4
REJECT,7
REJECT,12
REJECT,0
REJECT,10
REJECT,18
REJECT,25
REJECT,0
REJECT,11
REJECT,3
REJECT,3
REJECT,0
REJECT,5
REJECT,16
REJECT,0
REJECT,32
SHORTLIST,13
SHORTLIST,20
SHORTLIST,25
SHORTLIST,7
SHORTLIST,15
REJECT,0
REJECT,0
REJECT,16
REJECT,0
REJECT,14
REJECT,20
REJECT,3
REJECT,34
REJECT,23
REJECT,0
REJECT,14
REJECT,6
REJECT,3
REJECT,0
REJECT,25
REJECT,13
REJECT,0
REJECT,43
REJECT,4
REJECT,6
REJECT,19
REJECT,0
REJECT,10
REJECT,0
REJECT,0
REJECT,15
REJECT,0
REJECT,6
REJECT,4
REJECT,7
REJECT,13
REJECT,9
REJECT,8
REJECT,10
REJECT,0
REJECT,0
REJECT,0
REJECT,0
REJECT,0
REJECT,0
REJECT,0
REJECT,0
REJECT,5
REJECT,18
REJECT,9
REJECT,10
REJECT,0
REJECT,11
REJECT,9
REJECT,0
REJECT,0
REJECT,6
REJECT,5
REJECT,13
REJECT,0
REJECT,0
REJECT,14
REJECT,12
REJECT,0
REJECT,12
REJECT,6
REJECT,18
REJECT,17
REJECT,13
REJECT,0
REJECT,9
REJECT,0
REJECT,11
REJECT,13
REJECT,0
REJECT,0
SHORTLIST,20
REJECT,18
REJECT,6
REJECT,20
REJECT,10
REJECT,34
REJECT,15
REJECT,20
REJECT,20
REJECT,24
REJECT,2
REJECT,3
REJECT,10
REJECT,0
REJECT,4
REJECT,0
REJECT,0
REJECT,3
REJECT,3
REJECT,11
REJECT,40
REJECT,0
REJECT,25
REJECT,6
REJECT,0
REJECT,17
REJECT,20
REJECT,0
REJECT,0
REJECT,15
REJECT,0
REJECT,1
REJECT,20
REJECT,0
REJECT,3
REJECT,9
REJECT,0
REJECT,5
REJECT,20
SHORTLIST,18
SHORTLIST,0
SHORTLIST,25
SHORTLIST,5
SHORTLIST,0
SHORTLIST,15
SHORTLIST,25
SHORTLIST,4
SHORTLIST,20
SHORTLIST,0
REJECT,25
REJECT,0
REJECT,0
REJECT,20
REJECT,2
REJECT,14
REJECT,15
REJECT,0
REJECT,0
REJECT,0
REJECT,20
SHORTLIST,5
REJECT,15
REJECT,4
REJECT,15
REJECT,6
REJECT,5
REJECT,0
REJECT,19
REJECT,0
REJECT,15
REJECT,10
REJECT,2
REJECT,15
REJECT,0
REJECT,18
REJECT,6
REJECT,13
REJECT,3
REJECT,0
REJECT,5
REJECT,21
REJECT,16
REJECT,6
REJECT,0
REJECT,5
REJECT,6
REJECT,5
REJECT,18
REJECT,0
REJECT,15
REJECT,25
REJECT,3
REJECT,8
REJECT,31
REJECT,1
REJECT,0
REJECT,0
REJECT,0
REJECT,0
REJECT,0
REJECT,75
REJECT,0
REJECT,0
REJECT,3
REJECT,13
REJECT,23
REJECT,6
REJECT,19
REJECT,0
REJECT,0
REJECT,0
REJECT,6
REJECT,0
REJECT,0
REJECT,21
REJECT,4
REJECT,10
REJECT,0
REJECT,12
REJECT,0
REJECT,8
REJECT,12
REJECT,0
REJECT,6
REJECT,8
REJECT,20
REJECT,20
REJECT,6
REJECT,8
REJECT,10
REJECT,0
REJECT,16
REJECT,0
REJECT,15
REJECT,14
REJECT,15
REJECT,28
REJECT,28
REJECT,18
REJECT,17
REJECT,2
REJECT,13
REJECT,3
REJECT,3
REJECT,5
REJECT,6
REJECT,3375
REJECT,6
REJECT,10
REJECT,15
REJECT,39
REJECT,5
REJECT,10
REJECT,36
REJECT,4
REJECT,6
REJECT,7
REJECT,0
REJECT,17
REJECT,8
REJECT,20
REJECT,0
REJECT,4
REJECT,7
REJECT,12
REJECT,15
REJECT,0
REJECT,0
REJECT,12
REJECT,0
REJECT,10
REJECT,9
REJECT,10
REJECT,7
REJECT,28
REJECT,10
REJECT,14
REJECT,15
REJECT,0
REJECT,11
REJECT,20
REJECT,5
REJECT,0
REJECT,14
REJECT,20
REJECT,15
REJECT,3
REJECT,12
REJECT,3
REJECT,16
REJECT,10
REJECT,0
REJECT,0
REJECT,3
REJECT,0
REJECT,22
REJECT,13
REJECT,18
REJECT,7
REJECT,27
REJECT,16
REJECT,16
REJECT,0
REJECT,9
REJECT,0
REJECT,14
REJECT,0
REJECT,1
REJECT,30
REJECT,0
REJECT,25
REJECT,0
REJECT,0
REJECT,30
REJECT,13
REJECT,0
REJECT,15
REJECT,12
REJECT,15
REJECT,9
REJECT,14
REJECT,14
REJECT,15
REJECT,18
REJECT,10
REJECT,7
REJECT,6
REJECT,9
REJECT,12
REJECT,17
REJECT,13
REJECT,5
REJECT,0
REJECT,23
SHORTLIST,15
SHORTLIST,8
SHORTLIST,20
SHORTLIST,29
SHORTLIST,16
SHORTLIST,3
REJECT,20
REJECT,35
REJECT,5
REJECT,7
REJECT,5
REJECT,27
REJECT,15
REJECT,7
REJECT,11
REJECT,0
REJECT,30
REJECT,35
SHORTLIST,0
REJECT,18
REJECT,10
REJECT,5
REJECT,0
REJECT,9
REJECT,11
REJECT,4
REJECT,0
REJECT,13
REJECT,15
REJECT,5
REJECT,5
REJECT,20
REJECT,18
REJECT,18
REJECT,6
REJECT,21
REJECT,2
REJECT,20
REJECT,7
REJECT,7
REJECT,30
REJECT,13
REJECT,0
REJECT,9
REJECT,9
REJECT,0
REJECT,20
REJECT,20
REJECT,135
REJECT,20
REJECT,8
REJECT,15
REJECT,19
REJECT,26
REJECT,0
REJECT,10
REJECT,0
SHORTLIST,25
SHORTLIST,15
SHORTLIST,0
SHORTLIST,0
SHORTLIST,15
SHORTLIST,15
SHORTLIST,2
REJECT,40
REJECT,41
REJECT,20
REJECT,26
REJECT,16
REJECT,13
REJECT,36
REJECT,0
REJECT,15
REJECT,0
REJECT,5
REJECT,100
REJECT,0
REJECT,0
REJECT,50
REJECT,30
REJECT,41
REJECT,6
REJECT,0
REJECT,10
REJECT,10
REJECT,19
REJECT,6
REJECT,32
REJECT,0
REJECT,27
REJECT,45
REJECT,8
REJECT,5
REJECT,20
REJECT,630
REJECT,20
SHORTLIST,25
SHORTLIST,25
SHORTLIST,25
SHORTLIST,4
SHORTLIST,1
SHORTLIST,25
SHORTLIST,2
SHORTLIST,20
SHORTLIST,25
SHORTLIST,34
SHORTLIST,4
SHORTLIST,30
SHORTLIST,7
SHORTLIST,20
SHORTLIST,25
SHORTLIST,0
SHORTLIST,9
SHORTLIST,21
SHORTLIST,7
SHORTLIST,2
SHORTLIST,0
SHORTLIST,20
SHORTLIST,20
SHORTLIST,25
REJECT,15
REJECT,20
REJECT,8
REJECT,39
REJECT,7
REJECT,0
REJECT,9
REJECT,15
REJECT,8
REJECT,0
REJECT,0
REJECT,0
REJECT,10
REJECT,5
REJECT,0
REJECT,13
REJECT,0
REJECT,20
REJECT,0
REJECT,20
REJECT,40
SHORTLIST,20
SHORTLIST,25
SHORTLIST,20
SHORTLIST,3
SHORTLIST,15
SHORTLIST,24
SHORTLIST,100
SHORTLIST,25
SHORTLIST,15
REJECT,18
REJECT,14
REJECT,19
REJECT,0
REJECT,7
REJECT,20
REJECT,16
REJECT,10
REJECT,17
REJECT,12
REJECT,0
REJECT,1020
REJECT,6
REJECT,8
REJECT,0
REJECT,9500
REJECT,22
REJECT,7
REJECT,18
REJECT,12
REJECT,27
REJECT,14
REJECT,14
REJECT,16
REJECT,2
REJECT,25
REJECT,1
REJECT,11
REJECT,20
REJECT,7
REJECT,27
REJECT,23
REJECT,28
REJECT,9
REJECT,20
REJECT,0
REJECT,2
REJECT,7
REJECT,6
REJECT,21
REJECT,0
REJECT,20
REJECT,6
REJECT,15
REJECT,0
REJECT,15
REJECT,0
REJECT,6
REJECT,844
REJECT,0
REJECT,0
REJECT,25
REJECT,24
REJECT,0
REJECT,0
REJECT,11
REJECT,32
REJECT,20
REJECT,13
REJECT,13
REJECT,0
REJECT,35
REJECT,19
REJECT,5679
REJECT,20
REJECT,1
REJECT,13
REJECT,15
REJECT,7
REJECT,17
REJECT,13
REJECT,28
REJECT,6
SHORTLIST,7
SHORTLIST,17
SHORTLIST,0
REJECT,15
REJECT,30
REJECT,0
REJECT,0
REJECT,6
REJECT,0
REJECT,0
REJECT,0
REJECT,9
REJECT,25
REJECT,15
REJECT,20
REJECT,13
REJECT,0
REJECT,23
REJECT,3
REJECT,0
REJECT,21
REJECT,17
REJECT,30
REJECT,27
REJECT,25
REJECT,30
REJECT,15
REJECT,22
REJECT,30
REJECT,27
REJECT,23
SHORTLIST,40
SHORTLIST,15
SHORTLIST,3
SHORTLIST,21
SHORTLIST,23
SHORTLIST,20
SHORTLIST,7
SHORTLIST,14
REJECT,3
SHORTLIST,25
SHORTLIST,7
SHORTLIST,18
SHORTLIST,1
REJECT,20
REJECT,200
REJECT,10
REJECT,5
REJECT,20
REJECT,20
REJECT,9
REJECT,27
REJECT,0
REJECT,0
REJECT,30
REJECT,25
REJECT,10
REJECT,11
REJECT,15
REJECT,15
REJECT,20
REJECT,0
REJECT,30
REJECT,3
REJECT,4
REJECT,4
REJECT,8
SHORTLIST,20
SHORTLIST,41
SHORTLIST,25
SHORTLIST,10
SHORTLIST,15
REJECT,0
REJECT,15
REJECT,21
REJECT,5
REJECT,15
REJECT,20
REJECT,10
REJECT,25
REJECT,0
REJECT,20
REJECT,20
REJECT,20
REJECT,25
REJECT,25
REJECT,0
REJECT,7
REJECT,20
REJECT,0
REJECT,8
REJECT,27
REJECT,15
REJECT,7
SHORTLIST,20
SHORTLIST,25
SHORTLIST,30
SHORTLIST,25
SHORTLIST,0
SHORTLIST,30
SHORTLIST,10
SHORTLIST,20
SHORTLIST,20
SHORTLIST,20
SHORTLIST,0
SHORTLIST,20
SHORTLIST,35
SHORTLIST,13
SHORTLIST,20
REJECT,10
REJECT,0
REJECT,0
REJECT,14
REJECT,31
REJECT,5
REJECT,5
REJECT,5
REJECT,12
REJECT,15
REJECT,15
REJECT,17
REJECT,0
REJECT,5
REJECT,0
REJECT,16
REJECT,0
REJECT,20
SHORTLIST,2
SHORTLIST,0
REJECT,0
REJECT,20
REJECT,0
REJECT,13
REJECT,0
REJECT,18
REJECT,5
SHORTLIST,15
SHORTLIST,0
SHORTLIST,0
SHORTLIST,11
SHORTLIST,5
SHORTLIST,4
SHORTLIST,20
SHORTLIST,15
SHORTLIST,10
SHORTLIST,10
SHORTLIST,25
SHORTLIST,40
SHORTLIST,0
SHORTLIST,7
SHORTLIST,30
SHORTLIST,17
SHORTLIST,1
SHORTLIST,3
SHORTLIST,27
SHORTLIST,30
SHORTLIST,10
REJECT,6
REJECT,14
REJECT,9
REJECT,0
REJECT,8
REJECT,6
REJECT,4
REJECT,0
REJECT,0
REJECT,0
REJECT,16
REJECT,0
REJECT,12
REJECT,4
REJECT,14
REJECT,0
REJECT,8
REJECT,17
REJECT,6
REJECT,37
REJECT,0
REJECT,13
REJECT,13
REJECT,0
REJECT,0
REJECT,0
REJECT,17
REJECT,15
REJECT,6
REJECT,21
REJECT,11
REJECT,0
REJECT,0
REJECT,0
REJECT,7
REJECT,26
REJECT,7
REJECT,7
REJECT,0
REJECT,25
REJECT,0
REJECT,0
REJECT,30
REJECT,19
SHORTLIST,13
SHORTLIST,10
SHORTLIST,15
SHORTLIST,0
SHORTLIST,5
SHORTLIST,14
SHORTLIST,0
REJECT,0
REJECT,16
REJECT,20
REJECT,10
REJECT,12
REJECT,15
REJECT,9
REJECT,5
REJECT,13
REJECT,9
REJECT,16
REJECT,14
REJECT,15
REJECT,6
REJECT,15
SHORTLIST,0
REJECT,2
REJECT,15
REJECT,2
REJECT,26
REJECT,26
REJECT,2
REJECT,14
REJECT,3
REJECT,-2
REJECT,0
REJECT,100
REJECT,40
REJECT,18
REJECT,27
REJECT,19
REJECT,10
REJECT,129
REJECT,3
REJECT,30
REJECT,20
REJECT,31
REJECT,30
REJECT,25
REJECT,25
REJECT,6
REJECT,0
REJECT,21
REJECT,0
REJECT,32
REJECT,8
REJECT,0
REJECT,16
REJECT,20
REJECT,32
REJECT,0
REJECT,0
REJECT,2
REJECT,27
REJECT,9
REJECT,12
REJECT,10
REJECT,20
REJECT,23
REJECT,5
REJECT,25
REJECT,14
REJECT,2
REJECT,15
REJECT,4
REJECT,38
SHORTLIST,25
SHORTLIST,15
SHORTLIST,15
SHORTLIST,15
SHORTLIST,3
SHORTLIST,16
SHORTLIST,3
SHORTLIST,25
SHORTLIST,15
SHORTLIST,70
SHORTLIST,0
SHORTLIST,7
SHORTLIST,24
SHORTLIST,30
SHORTLIST,10
SHORTLIST,5
REJECT,20
REJECT,0
REJECT,8
REJECT,0
REJECT,6
REJECT,16
REJECT,0
REJECT,9
REJECT,0
REJECT,25
REJECT,0
REJECT,6
REJECT,0
REJECT,4
REJECT,17
REJECT,15
REJECT,0
REJECT,3
REJECT,4
REJECT,35
REJECT,20
REJECT,0
REJECT,7
REJECT,12
REJECT,15
REJECT,21
REJECT,4
SHORTLIST,25
SHORTLIST,25
SHORTLIST,12
SHORTLIST,15
REJECT,20
REJECT,6
REJECT,7
REJECT,0
REJECT,15
REJECT,25
REJECT,4
REJECT,1
REJECT,15
REJECT,5
REJECT,0
REJECT,27
REJECT,12
REJECT,0
REJECT,33
REJECT,7
REJECT,3
REJECT,6
REJECT,6
REJECT,12
REJECT,2
REJECT,10
REJECT,37
REJECT,30
REJECT,30
REJECT,8
SHORTLIST,4
SHORTLIST,14
SHORTLIST,25
SHORTLIST,20
SHORTLIST,449
REJECT,16
REJECT,0
REJECT,0
REJECT,13
REJECT,30
REJECT,3
REJECT,2
REJECT,26
REJECT,28
REJECT,0
REJECT,164
REJECT,16
REJECT,3
REJECT,0
REJECT,20
REJECT,5
REJECT,10
REJECT,20
REJECT,30
REJECT,0
REJECT,1
REJECT,23
REJECT,9
REJECT,3
REJECT,0
REJECT,20
REJECT,29
REJECT,20
REJECT,0
REJECT,12
REJECT,4
REJECT,8
REJECT,0
REJECT,0
REJECT,22
REJECT,5
SHORTLIST,7
SHORTLIST,40
SHORTLIST,30
SHORTLIST,0
SHORTLIST,24
REJECT,0
REJECT,0
REJECT,0
REJECT,20
REJECT,0
REJECT,0
REJECT,0
REJECT,20
SHORTLIST,12
SHORTLIST,13
SHORTLIST,20
SHORTLIST,20
SHORTLIST,21
SHORTLIST,18
SHORTLIST,10
SHORTLIST,28
SHORTLIST,25
SHORTLIST,20
SHORTLIST,2002
SHORTLIST,30
SHORTLIST,16
SHORTLIST,3
SHORTLIST,3
SHORTLIST,25
SHORTLIST,10
SHORTLIST,27
SHORTLIST,3885
SHORTLIST,35
SHORTLIST,13
SHORTLIST,5
SHORTLIST,30
SHORTLIST,8
SHORTLIST,1
SHORTLIST,18
SHORTLIST,12
SHORTLIST,20
SHORTLIST,0
SHORTLIST,15
SHORTLIST,19
SHORTLIST,33
SHORTLIST,30
SHORTLIST,23
SHORTLIST,16
SHORTLIST,8
SHORTLIST,22
SHORTLIST,10
SHORTLIST,4
SHORTLIST,18
SHORTLIST,48
SHORTLIST,16
SHORTLIST,14
REJECT,10
REJECT,2
REJECT,12
REJECT,0
REJECT,15
REJECT,15
REJECT,21
REJECT,3
REJECT,33
REJECT,7
REJECT,13
REJECT,15
REJECT,18
REJECT,7
REJECT,28
REJECT,0
REJECT,0
REJECT,4
REJECT,14
REJECT,40
REJECT,10
REJECT,3
REJECT,30
REJECT,20
REJECT,0
REJECT,0
REJECT,13
REJECT,50
REJECT,0
REJECT,20
REJECT,15
REJECT,14
REJECT,20
REJECT,17
REJECT,0
REJECT,25
REJECT,8
REJECT,0
REJECT,6
REJECT,0
REJECT,20
REJECT,15
REJECT,15
REJECT,8
REJECT,3
REJECT,20
REJECT,0
REJECT,5
REJECT,0
REJECT,11
REJECT,20
REJECT,13
REJECT,12
REJECT,16
SHORTLIST,25
SHORTLIST,0
SHORTLIST,20
SHORTLIST,25
SHORTLIST,8
SHORTLIST,30
SHORTLIST,20
SHORTLIST,20
REJECT,13
REJECT,23
REJECT,20
REJECT,20
REJECT,20
REJECT,35
REJECT,25
REJECT,0
REJECT,80
REJECT,10
REJECT,12
REJECT,25
REJECT,30
REJECT,2
REJECT,16
REJECT,10
REJECT,9
SHORTLIST,10
SHORTLIST,0
SHORTLIST,5
SHORTLIST,40
SHORTLIST,0
REJECT,0
REJECT,29
REJECT,0
REJECT,15
REJECT,10
REJECT,5
REJECT,7
REJECT,20
REJECT,10
REJECT,7
REJECT,0
REJECT,15
REJECT,0
REJECT,0
REJECT,0
REJECT,18
REJECT,15
REJECT,17
REJECT,0
REJECT,17
REJECT,8
REJECT,8
REJECT,3
REJECT,12
REJECT,0
REJECT,10
REJECT,10
REJECT,2
REJECT,12
REJECT,10
REJECT,0
REJECT,20
REJECT,34
REJECT,6
REJECT,0
REJECT,0
REJECT,0
REJECT,12
REJECT,12
REJECT,17
REJECT,10
REJECT,0
REJECT,0
REJECT,8
REJECT,0
REJECT,0
REJECT,35
REJECT,0
REJECT,15
REJECT,26
REJECT,19
REJECT,16
REJECT,0
REJECT,6
REJECT,0
REJECT,0
REJECT,9
REJECT,9
REJECT,0
REJECT,0
REJECT,0
REJECT,11
REJECT,0
REJECT,0
REJECT,0
REJECT,0
REJECT,2
REJECT,6
REJECT,0
SHORTLIST,5
SHORTLIST,14
REJECT,3
REJECT,30
REJECT,10
REJECT,26
REJECT,1
REJECT,2
REJECT,0
REJECT,25
REJECT,27
REJECT,20
REJECT,3
REJECT,2
REJECT,30
REJECT,3
SHORTLIST,20
SHORTLIST,8
SHORTLIST,35
SHORTLIST,30
SHORTLIST,20
REJECT,0
REJECT,10
REJECT,0
REJECT,2
REJECT,0
REJECT,24
REJECT,30
REJECT,0
REJECT,0
REJECT,2023
REJECT,0
REJECT,0
REJECT,10
REJECT,14
REJECT,0
REJECT,0
SHORTLIST,20
SHORTLIST,25
SHORTLIST,20
SHORTLIST,17
SHORTLIST,32
REJECT,15
REJECT,13
REJECT,15
REJECT,0
REJECT,21
REJECT,19
REJECT,0
REJECT,0
REJECT,0
REJECT,5
REJECT,12
REJECT,0
REJECT,5
REJECT,20
REJECT,4
REJECT,4
REJECT,1
REJECT,0
REJECT,6
REJECT,65
REJECT,18
REJECT,22
REJECT,3
REJECT,23
REJECT,18
REJECT,11
REJECT,27
REJECT,0
REJECT,30
REJECT,15
REJECT,15
REJECT,9
REJECT,0
REJECT,0
REJECT,12
REJECT,6
REJECT,15
REJECT,30
REJECT,26
REJECT,15
REJECT,19
REJECT,0
REJECT,0
REJECT,26
REJECT,16
REJECT,0
REJECT,142
REJECT,9
REJECT,0
REJECT,0
REJECT,16
REJECT,0
REJECT,0
REJECT,6
REJECT,0
REJECT,23
REJECT,16
REJECT,26
REJECT,25
REJECT,18
SHORTLIST,1
SHORTLIST,3
SHORTLIST,25
SHORTLIST,30
SHORTLIST,20
REJECT,13
REJECT,34
REJECT,8
REJECT,0
REJECT,3
REJECT,29
REJECT,31
REJECT,0
REJECT,25
REJECT,6
REJECT,0
REJECT,10
REJECT,0
REJECT,3
REJECT,0
REJECT,0
REJECT,20
REJECT,0
REJECT,18
REJECT,0
REJECT,15
REJECT,15
REJECT,20
REJECT,22
REJECT,20
REJECT,15
REJECT,0
REJECT,0
REJECT,6
REJECT,0
REJECT,9
REJECT,2
REJECT,15
REJECT,20
REJECT,6
REJECT,0
REJECT,15
REJECT,17
REJECT,0
REJECT,15
SHORTLIST,15
SHORTLIST,13
SHORTLIST,15
REJECT,0
REJECT,20
REJECT,11
REJECT,15
REJECT,20
REJECT,30
REJECT,15
REJECT,3
REJECT,0
REJECT,15
REJECT,20
REJECT,24
REJECT,4
REJECT,15
REJECT,20
REJECT,10
REJECT,6
REJECT,0
REJECT,0
REJECT,0
REJECT,5
REJECT,30
REJECT,28
REJECT,0
SHORTLIST,22
SHORTLIST,0
SHORTLIST,25
REJECT,10
REJECT,0
REJECT,16
REJECT,27
REJECT,6
REJECT,10
REJECT,5
REJECT,19
REJECT,11
REJECT,0
REJECT,7
SHORTLIST,0
SHORTLIST,13
SHORTLIST,3
SHORTLIST,11
SHORTLIST,10
SHORTLIST,10
SHORTLIST,0
SHORTLIST,17
SHORTLIST,2760
SHORTLIST,11
SHORTLIST,11
REJECT,6
REJECT,4
REJECT,0
REJECT,16
REJECT,0
REJECT,20
REJECT,20
REJECT,20
REJECT,18
REJECT,19
REJECT,20
REJECT,0
REJECT,11
REJECT,25
REJECT,10
REJECT,20
REJECT,0
REJECT,4
REJECT,0
REJECT,0
REJECT,16
REJECT,30
REJECT,0
SHORTLIST,15
SHORTLIST,18
SHORTLIST,0
SHORTLIST,0
SHORTLIST,25
SHORTLIST,23
SHORTLIST,38
SHORTLIST,15
SHORTLIST,20
SHORTLIST,7
SHORTLIST,0
SHORTLIST,12
REJECT,0
REJECT,0
REJECT,25
REJECT,30
REJECT,8
REJECT,20
REJECT,36
REJECT,15
REJECT,10
REJECT,28
REJECT,2
REJECT,20
REJECT,11
REJECT,0
REJECT,15
REJECT,0
REJECT,30
REJECT,21
REJECT,10
REJECT,12
REJECT,17
REJECT,25
REJECT,20
REJECT,25
REJECT,9
REJECT,28
REJECT,5
REJECT,18
SHORTLIST,25
SHORTLIST,20
SHORTLIST,27
SHORTLIST,7
SHORTLIST,20
SHORTLIST,30
SHORTLIST,20
REJECT,2
REJECT,14
REJECT,6
REJECT,2
REJECT,7
REJECT,20
REJECT,11
REJECT,25
REJECT,8
REJECT,18
REJECT,0
REJECT,15
REJECT,20
REJECT,36
REJECT,0
REJECT,3
REJECT,0
REJECT,15
REJECT,15
REJECT,0
REJECT,13
REJECT,18
REJECT,0
REJECT,55
REJECT,30
REJECT,36
REJECT,10
REJECT,12
REJECT,20
REJECT,17
REJECT,30
REJECT,20
REJECT,25
REJECT,8
REJECT,3
REJECT,15
REJECT,6
REJECT,38
REJECT,0
REJECT,0
REJECT,23
REJECT,0
REJECT,0
REJECT,19
REJECT,20
REJECT,6
REJECT,70
REJECT,11
REJECT,16
REJECT,19
REJECT,8
REJECT,20
REJECT,20
REJECT,15
REJECT,15
REJECT,35
SHORTLIST,25
SHORTLIST,5
SHORTLIST,15
SHORTLIST,0
SHORTLIST,4
SHORTLIST,1
SHORTLIST,20
SHORTLIST,28
SHORTLIST,5
SHORTLIST,25
SHORTLIST,25
SHORTLIST,20
SHORTLIST,0
SHORTLIST,20
SHORTLIST,6
SHORTLIST,30
SHORTLIST,20
SHORTLIST,20
SHORTLIST,20
SHORTLIST,25
SHORTLIST,17
SHORTLIST,38
SHORTLIST,3
REJECT,0
REJECT,20
REJECT,0
REJECT,7
REJECT,21
REJECT,2
SHORTLIST,0
SHORTLIST,30
REJECT,4
REJECT,19
REJECT,3
REJECT,11
REJECT,15
REJECT,3
REJECT,29
REJECT,12
REJECT,8
REJECT,0
REJECT,7
REJECT,0
REJECT,0
REJECT,15
REJECT,2
REJECT,0
REJECT,10
REJECT,6
REJECT,5
REJECT,24
REJECT,23
REJECT,10
SHORTLIST,13
SHORTLIST,0
REJECT,0
REJECT,0
REJECT,27
REJECT,0
REJECT,9
REJECT,0
REJECT,14
REJECT,0
REJECT,0
REJECT,0
REJECT,12
REJECT,1
REJECT,3
REJECT,0
REJECT,0
REJECT,14
REJECT,18
REJECT,21
REJECT,30
REJECT,23
REJECT,10
REJECT,22
REJECT,20
REJECT,12
REJECT,0
REJECT,0
REJECT,0
REJECT,0
REJECT,0
REJECT,17
REJECT,19
REJECT,0
REJECT,0
REJECT,0
REJECT,0
REJECT,0
REJECT,0
REJECT,11
REJECT,6
REJECT,0
REJECT,0
REJECT,15
REJECT,14
REJECT,0
REJECT,0
REJECT,0
REJECT,2
REJECT,0
REJECT,7
REJECT,0
REJECT,1
REJECT,4
REJECT,17
REJECT,10
REJECT,10
REJECT,18
REJECT,17
REJECT,24
REJECT,0
REJECT,0
REJECT,6
REJECT,5
REJECT,2
REJECT,9
REJECT,1
REJECT,12
REJECT,7
REJECT,22
REJECT,0
REJECT,3
REJECT,0
REJECT,6
REJECT,7
REJECT,16
REJECT,14
REJECT,3
REJECT,7
REJECT,0
REJECT,0
REJECT,0
REJECT,37
REJECT,0
REJECT,26
REJECT,7
REJECT,16
REJECT,2
REJECT,7
REJECT,13
REJECT,26
REJECT,20
REJECT,14
REJECT,7
SHORTLIST,38
SHORTLIST,5
SHORTLIST,10
REJECT,0
REJECT,10
REJECT,0
REJECT,16
REJECT,0
REJECT,0
REJECT,0
REJECT,20
REJECT,0
REJECT,0
REJECT,12
REJECT,2
REJECT,0
REJECT,0
REJECT,17
REJECT,10
REJECT,13
REJECT,10
REJECT,0
REJECT,60
REJECT,17
SHORTLIST,2
SHORTLIST,15
SHORTLIST,13
SHORTLIST,0
SHORTLIST,7
SHORTLIST,19
SHORTLIST,10
REJECT,40
REJECT,3
REJECT,7
REJECT,0
REJECT,20
REJECT,32
REJECT,0
REJECT,0
REJECT,9
REJECT,12
REJECT,0
REJECT,7
REJECT,7
REJECT,17
REJECT,0
REJECT,25
REJECT,11
REJECT,38
REJECT,8
REJECT,34
SHORTLIST,30
SHORTLIST,0
SHORTLIST,13
SHORTLIST,0
SHORTLIST,33
SHORTLIST,0
SHORTLIST,35
SHORTLIST,36
SHORTLIST,3
SHORTLIST,20
SHORTLIST,0
SHORTLIST,45
SHORTLIST,20
SHORTLIST,7229
SHORTLIST,40
SHORTLIST,5
SHORTLIST,35
SHORTLIST,26
SHORTLIST,34
SHORTLIST,6
SHORTLIST,0
SHORTLIST,25
SHORTLIST,10
SHORTLIST,25
SHORTLIST,31
SHORTLIST,31
SHORTLIST,30
SHORTLIST,22
SHORTLIST,11
SHORTLIST,0
SHORTLIST,7
SHORTLIST,20
SHORTLIST,25
SHORTLIST,10
SHORTLIST,14
SHORTLIST,15
SHORTLIST,10
SHORTLIST,10
SHORTLIST,0
SHORTLIST,30
REJECT,14
REJECT,9
REJECT,5
REJECT,0
REJECT,6
REJECT,0
REJECT,0
REJECT,20
REJECT,25
REJECT,20
REJECT,25
SHORTLIST,4
SHORTLIST,25
SHORTLIST,22
SHORTLIST,10
SHORTLIST,32
SHORTLIST,25
SHORTLIST,25
SHORTLIST,25
REJECT,14
REJECT,0
REJECT,28
REJECT,0
REJECT,7
REJECT,15
REJECT,5
REJECT,0
REJECT,0
REJECT,0
REJECT,7
REJECT,8
REJECT,25
REJECT,10
REJECT,20
REJECT,10
REJECT,0
REJECT,0
REJECT,16
REJECT,20
REJECT,0
REJECT,16
REJECT,0
REJECT,0
REJECT,0
REJECT,20
REJECT,0
REJECT,19
REJECT,21
REJECT,0
REJECT,0
REJECT,21
REJECT,29
REJECT,13
REJECT,0
REJECT,0
REJECT,10
REJECT,5
REJECT,0
REJECT,4
REJECT,0
REJECT,-1992
REJECT,2177
REJECT,9
REJECT,0
REJECT,18
REJECT,35
REJECT,0
REJECT,25
REJECT,10
REJECT,0
REJECT,25
REJECT,0
REJECT,12
REJECT,0
REJECT,0
REJECT,16
REJECT,25
REJECT,17
REJECT,11
REJECT,0
REJECT,15
REJECT,2
REJECT,8
REJECT,8
REJECT,8
REJECT,15
REJECT,0
SHORTLIST,30
SHORTLIST,0
SHORTLIST,2
SHORTLIST,0
SHORTLIST,29
SHORTLIST,10
SHORTLIST,21
SHORTLIST,4
SHORTLIST,0
SHORTLIST,34
SHORTLIST,21
SHORTLIST,2
SHORTLIST,20
SHORTLIST,30
SHORTLIST,5
SHORTLIST,40
SHORTLIST,24
SHORTLIST,10
SHORTLIST,5
SHORTLIST,29
SHORTLIST,20
SHORTLIST,2
SHORTLIST,0
SHORTLIST,8
SHORTLIST,0
SHORTLIST,2
SHORTLIST,0
SHORTLIST,21
SHORTLIST,19
SHORTLIST,25
SHORTLIST,20
SHORTLIST,15
SHORTLIST,0
SHORTLIST,2
SHORTLIST,0
SHORTLIST,20
SHORTLIST,0
SHORTLIST,26
REJECT,5
REJECT,29
REJECT,8
REJECT,0
REJECT,27
REJECT,23
REJECT,16
REJECT,0
REJECT,15
REJECT,11
REJECT,0
REJECT,5
SHORTLIST,15
SHORTLIST,0
SHORTLIST,3
SHORTLIST,8
REJECT,14
REJECT,0
REJECT,0
REJECT,4
REJECT,2
REJECT,0
REJECT,16
REJECT,7
REJECT,0
REJECT,0
REJECT,18
REJECT,9
REJECT,7
REJECT,7121
REJECT,8
REJECT,11
REJECT,2
REJECT,3
REJECT,19
REJECT,0
REJECT,0
REJECT,12
REJECT,11
REJECT,3
REJECT,18
REJECT,14
REJECT,0
REJECT,6
REJECT,2
REJECT,11
REJECT,3
REJECT,0
REJECT,14
REJECT,0
REJECT,6
REJECT,41
REJECT,15
REJECT,8
REJECT,17
REJECT,0
REJECT,0
REJECT,4
REJECT,4
REJECT,5
REJECT,20
REJECT,19
REJECT,4
REJECT,2
REJECT,0
REJECT,8
REJECT,9
REJECT,2
REJECT,0
REJECT,0
REJECT,4
REJECT,3
REJECT,5
REJECT,9
REJECT,5
REJECT,0
REJECT,15
REJECT,0
REJECT,19
REJECT,13
REJECT,10
REJECT,4
REJECT,2
REJECT,3
REJECT,3
REJECT,7
REJECT,8
REJECT,4
REJECT,5
REJECT,0
REJECT,0
REJECT,3
REJECT,6
REJECT,0
REJECT,18
REJECT,5
REJECT,14
REJECT,20
REJECT,0
REJECT,14
REJECT,31
REJECT,0
REJECT,2
REJECT,15
REJECT,11
REJECT,9
REJECT,2
REJECT,6
REJECT,9
REJECT,0
REJECT,7
REJECT,1
REJECT,9
REJECT,0
REJECT,0
REJECT,0
REJECT,4
REJECT,2
REJECT,30
REJECT,7
REJECT,4
REJECT,30
REJECT,12
REJECT,12
REJECT,3
REJECT,9
REJECT,100
REJECT,16
REJECT,6
REJECT,0
REJECT,0
REJECT,8
REJECT,6
REJECT,11
REJECT,9
REJECT,2
REJECT,0
REJECT,2
REJECT,0
REJECT,2
REJECT,4
REJECT,3
REJECT,2
REJECT,10
REJECT,4
REJECT,1
REJECT,5
REJECT,0
REJECT,3
REJECT,10
REJECT,9
REJECT,6
REJECT,9
REJECT,0
REJECT,9
SHORTLIST,9
SHORTLIST,0
SHORTLIST,3978
REJECT,0
REJECT,16
REJECT,20
REJECT,30
REJECT,20
REJECT,8
REJECT,12
REJECT,0
REJECT,0
REJECT,5
REJECT,0
REJECT,20
REJECT,32
REJECT,3
REJECT,22
REJECT,0
REJECT,6
REJECT,20
REJECT,0
REJECT,0
REJECT,70
REJECT,500
REJECT,4
REJECT,27
REJECT,0
REJECT,0
REJECT,27
REJECT,15
REJECT,4
REJECT,4
REJECT,0
REJECT,7
REJECT,0
REJECT,18
REJECT,0
REJECT,0
REJECT,25
REJECT,0
REJECT,35
REJECT,0
REJECT,10
SHORTLIST,15
SHORTLIST,30
SHORTLIST,25
SHORTLIST,25
SHORTLIST,2
SHORTLIST,38
SHORTLIST,15
SHORTLIST,3
SHORTLIST,0
SHORTLIST,15
SHORTLIST,7
SHORTLIST,10
SHORTLIST,30
SHORTLIST,21
SHORTLIST,16
SHORTLIST,0
SHORTLIST,0
SHORTLIST,3
SHORTLIST,0
SHORTLIST,12
SHORTLIST,19
SHORTLIST,44
SHORTLIST,0
SHORTLIST,20
SHORTLIST,5679
SHORTLIST,0
REJECT,0
REJECT,5
REJECT,12
REJECT,33
REJECT,0
REJECT,0
REJECT,10
REJECT,0
REJECT,11
REJECT,13
REJECT,20
REJECT,0
REJECT,25
REJECT,11
REJECT,0
REJECT,0
REJECT,18
REJECT,7
REJECT,6
REJECT,0
REJECT,13
REJECT,5
REJECT,20
REJECT,0
REJECT,2
REJECT,0
REJECT,10
REJECT,21
REJECT,0
REJECT,0
REJECT,0
REJECT,15
REJECT,22
SHORTLIST,20
SHORTLIST,0
SHORTLIST,20
SHORTLIST,0
SHORTLIST,13
SHORTLIST,25
SHORTLIST,15
SHORTLIST,2
SHORTLIST,15
SHORTLIST,0
SHORTLIST,17
REJECT,0
REJECT,0
REJECT,10
REJECT,10
REJECT,10
REJECT,16
REJECT,9
REJECT,11
REJECT,0
REJECT,11
REJECT,9
REJECT,0
SHORTLIST,37
REJECT,0
REJECT,8
REJECT,0
REJECT,2
REJECT,9000
REJECT,7
REJECT,23
REJECT,6
REJECT,6
REJECT,0
REJECT,0
REJECT,0
REJECT,0
REJECT,0
REJECT,0
REJECT,0
REJECT,0
REJECT,0
SHORTLIST,0
SHORTLIST,0
REJECT,9
REJECT,20
REJECT,2
REJECT,15
REJECT,6
REJECT,29
REJECT,0
REJECT,23
REJECT,0
REJECT,7
REJECT,30
REJECT,0
REJECT,0
REJECT,17
REJECT,16
REJECT,23
REJECT,0
REJECT,1
REJECT,0
SHORTLIST,0
SHORTLIST,12
SHORTLIST,6
SHORTLIST,0
SHORTLIST,20
REJECT,0
REJECT,31
REJECT,44
SHORTLIST,25
REJECT,18
REJECT,18
REJECT,65
REJECT,9
REJECT,19
REJECT,5
REJECT,27
REJECT,34
REJECT,18
REJECT,32
REJECT,13
REJECT,9
REJECT,18
REJECT,1
REJECT,27
REJECT,16
REJECT,0
REJECT,38
REJECT,0
REJECT,13
REJECT,27
REJECT,3
REJECT,4
REJECT,20
REJECT,5
REJECT,10
REJECT,24
REJECT,20
REJECT,20
REJECT,28
REJECT,0
REJECT,22
REJECT,20
REJECT,0
REJECT,8
REJECT,15
SHORTLIST,25
SHORTLIST,30
SHORTLIST,26
SHORTLIST,0
SHORTLIST,0
SHORTLIST,16
SHORTLIST,20
SHORTLIST,20
REJECT,20
REJECT,15
REJECT,20
REJECT,20
REJECT,15
REJECT,25
REJECT,0
REJECT,30
REJECT,30
REJECT,7
REJECT,0
REJECT,14
REJECT,70
REJECT,21
REJECT,0
REJECT,20
REJECT,14
REJECT,0
REJECT,0
REJECT,20
REJECT,5
REJECT,3
REJECT,50
REJECT,7
REJECT,0
REJECT,9
REJECT,10
REJECT,20
REJECT,10
REJECT,30
REJECT,29
REJECT,20
REJECT,25
REJECT,20
REJECT,18
REJECT,15
REJECT,27
REJECT,20
REJECT,15
REJECT,25
REJECT,25
REJECT,30
REJECT,3
REJECT,0
REJECT,0
REJECT,15
REJECT,25
REJECT,20
REJECT,2
REJECT,20
REJECT,16
REJECT,20
REJECT,20
REJECT,40
REJECT,3
REJECT,15
REJECT,35
REJECT,0
REJECT,20
REJECT,20
REJECT,12
REJECT,45
REJECT,24
REJECT,20
REJECT,20
REJECT,8
REJECT,20
REJECT,20
REJECT,0
REJECT,25
REJECT,26
REJECT,30
SHORTLIST,25
SHORTLIST,20
SHORTLIST,36
SHORTLIST,20
SHORTLIST,20
SHORTLIST,20
SHORTLIST,20
SHORTLIST,15
SHORTLIST,20
SHORTLIST,20
SHORTLIST,25
SHORTLIST,0
SHORTLIST,25
SHORTLIST,0
SHORTLIST,0
SHORTLIST,20
SHORTLIST,31
SHORTLIST,20
SHORTLIST,30
SHORTLIST,18
SHORTLIST,15
SHORTLIST,36
SHORTLIST,20
SHORTLIST,31
REJECT,15
REJECT,3
REJECT,0
REJECT,28
REJECT,10
REJECT,20
REJECT,28
REJECT,16
REJECT,9
REJECT,25
REJECT,0
REJECT,20
REJECT,11
REJECT,10
REJECT,25
REJECT,0
REJECT,8
REJECT,10
REJECT,25
REJECT,30
REJECT,23
REJECT,5
REJECT,0
REJECT,2
REJECT,110
SHORTLIST,0
SHORTLIST,39
SHORTLIST,35
SHORTLIST,9
SHORTLIST,3
SHORTLIST,20
SHORTLIST,31
SHORTLIST,25
SHORTLIST,41
SHORTLIST,25
SHORTLIST,28
REJECT,4
REJECT,5
REJECT,19
REJECT,20
REJECT,6
REJECT,2
REJECT,0
REJECT,65
REJECT,0
SHORTLIST,0
REJECT,0
REJECT,24
REJECT,0
REJECT,10
REJECT,18
REJECT,16
REJECT,0
REJECT,21
REJECT,0
REJECT,0
REJECT,7
REJECT,15
REJECT,13
REJECT,15
REJECT,21
REJECT,14
REJECT,20
REJECT,54
REJECT,19
REJECT,12
REJECT,32
REJECT,0
SHORTLIST,0
REJECT,21
REJECT,20
REJECT,3
REJECT,20
REJECT,15
REJECT,24
REJECT,21
REJECT,30
REJECT,0
REJECT,19
REJECT,13
REJECT,0
REJECT,0
REJECT,22
REJECT,15
REJECT,6
REJECT,2
SHORTLIST,3
REJECT,0
REJECT,0
REJECT,0
REJECT,12
REJECT,10
REJECT,8
REJECT,0
REJECT,7
REJECT,7
REJECT,0
REJECT,6
REJECT,8
REJECT,4
REJECT,12
REJECT,0
REJECT,20
REJECT,110
SHORTLIST,0
REJECT,4
REJECT,20
REJECT,2
REJECT,0
REJECT,31
REJECT,20
REJECT,9
REJECT,22
REJECT,20
REJECT,15
REJECT,12
REJECT,0
REJECT,25
REJECT,0
REJECT,3
REJECT,25
REJECT,35
REJECT,21
REJECT,25
REJECT,15
REJECT,31
REJECT,5
REJECT,10
REJECT,16
REJECT,6
REJECT,34
REJECT,4
REJECT,0
REJECT,135
REJECT,16
REJECT,30
REJECT,20
REJECT,8
REJECT,16
REJECT,15
REJECT,22
REJECT,0
SHORTLIST,10
SHORTLIST,6
SHORTLIST,0
SHORTLIST,20
REJECT,5
REJECT,8
REJECT,17
REJECT,3
REJECT,5
REJECT,0
REJECT,2
REJECT,3
REJECT,21
REJECT,26
REJECT,17
REJECT,30
REJECT,0
REJECT,2
SHORTLIST,14
SHORTLIST,38
SHORTLIST,6
SHORTLIST,20
SHORTLIST,4
REJECT,16
REJECT,15
REJECT,5
REJECT,1958
REJECT,0
REJECT,3
REJECT,3
REJECT,20
REJECT,25
REJECT,35
REJECT,23
REJECT,28
REJECT,30
REJECT,0
REJECT,2
REJECT,4
REJECT,0
REJECT,20
REJECT,10
REJECT,10
REJECT,4
REJECT,0
SHORTLIST,30
SHORTLIST,6
SHORTLIST,20
SHORTLIST,6
SHORTLIST,8
SHORTLIST,12
SHORTLIST,20
SHORTLIST,10
SHORTLIST,19
SHORTLIST,12
SHORTLIST,12
REJECT,0
REJECT,0
REJECT,12
REJECT,10
REJECT,15
REJECT,24
REJECT,0
REJECT,0
REJECT,0
REJECT,12
REJECT,25
REJECT,4
REJECT,40
REJECT,0
REJECT,0
REJECT,0
REJECT,0
REJECT,3
REJECT,39
REJECT,0
SHORTLIST,24
SHORTLIST,60
REJECT,0
REJECT,21
REJECT,6
REJECT,16
REJECT,20
REJECT,10
REJECT,35
REJECT,25
REJECT,17
REJECT,5
REJECT,20
REJECT,2
REJECT,15
REJECT,11
REJECT,30
REJECT,14
REJECT,20
REJECT,0
REJECT,22
REJECT,20
REJECT,4
SHORTLIST,2
SHORTLIST,20
SHORTLIST,15
REJECT,0
REJECT,3
REJECT,30
REJECT,30
REJECT,5
REJECT,22
REJECT,30
REJECT,20
REJECT,0
REJECT,0
REJECT,10
REJECT,5
REJECT,20
REJECT,0
REJECT,9
REJECT,0
REJECT,12
REJECT,7
REJECT,6
SHORTLIST,14
REJECT,25
REJECT,16
REJECT,0
REJECT,8
REJECT,30
REJECT,8
REJECT,15
REJECT,2002
REJECT,7
REJECT,15
REJECT,12
REJECT,5
REJECT,10
REJECT,4
REJECT,0
REJECT,6
REJECT,6290
REJECT,2
REJECT,7
REJECT,0
REJECT,15
REJECT,10
REJECT,32
REJECT,14
REJECT,5
REJECT,5
REJECT,4
REJECT,4
REJECT,16
REJECT,30
REJECT,15
REJECT,12
REJECT,25
REJECT,10
REJECT,20
REJECT,30
REJECT,0
REJECT,0
REJECT,8
REJECT,20
SHORTLIST,11
SHORTLIST,12
SHORTLIST,19
SHORTLIST,15
SHORTLIST,15
SHORTLIST,23
SHORTLIST,12
SHORTLIST,20
SHORTLIST,6
SHORTLIST,5
SHORTLIST,7
REJECT,14
REJECT,20
REJECT,25
REJECT,13
REJECT,15
REJECT,7
REJECT,7
REJECT,6
REJECT,12
REJECT,25
REJECT,11
REJECT,7
REJECT,0
REJECT,15
REJECT,15
REJECT,16
REJECT,22
REJECT,15
REJECT,3
REJECT,4
REJECT,7
REJECT,22
REJECT,8
REJECT,6
REJECT,0
REJECT,21
REJECT,10
REJECT,0
REJECT,3
REJECT,6
REJECT,5
REJECT,10
REJECT,15
REJECT,0
REJECT,10
REJECT,0
REJECT,14
REJECT,2
REJECT,5
REJECT,5
REJECT,0
REJECT,0
REJECT,0
REJECT,9
REJECT,0
REJECT,9
REJECT,6
REJECT,4
REJECT,5
REJECT,8
REJECT,0
REJECT,30
REJECT,23
REJECT,3
REJECT,5729
REJECT,0
REJECT,0
REJECT,24
REJECT,15
REJECT,4
REJECT,12
REJECT,0
REJECT,15
REJECT,11
REJECT,8
REJECT,9
REJECT,0
REJECT,0
REJECT,0
REJECT,10
SHORTLIST,16
SHORTLIST,10
SHORTLIST,7
SHORTLIST,3
SHORTLIST,7
SHORTLIST,0
REJECT,15
REJECT,20
REJECT,17
REJECT,36
REJECT,36
REJECT,16
REJECT,28
REJECT,7
REJECT,10
REJECT,12
REJECT,14
REJECT,20
REJECT,38
REJECT,7
REJECT,25
REJECT,0
REJECT,21
REJECT,10
REJECT,8
REJECT,25
REJECT,15
REJECT,15
REJECT,18
REJECT,15
REJECT,8
REJECT,2018
REJECT,25
REJECT,2
REJECT,18
REJECT,51
REJECT,16
REJECT,20
REJECT,17
REJECT,0
REJECT,20
REJECT,30
REJECT,22
SHORTLIST,25
SHORTLIST,0
SHORTLIST,20
SHORTLIST,0
SHORTLIST,50
SHORTLIST,20
SHORTLIST,35
SHORTLIST,31
SHORTLIST,20
REJECT,2009
REJECT,6
REJECT,0
REJECT,0
REJECT,12
REJECT,0
REJECT,15
REJECT,0
REJECT,60
REJECT,9
REJECT,10
REJECT,5
REJECT,10
REJECT,7
REJECT,26
REJECT,14
REJECT,4
REJECT,0
REJECT,11
REJECT,0
REJECT,13
REJECT,24
REJECT,4
SHORTLIST,12
SHORTLIST,16
SHORTLIST,0
SHORTLIST,15
SHORTLIST,15
REJECT,7
REJECT,0
REJECT,8
REJECT,13
REJECT,20
REJECT,16
REJECT,20
REJECT,0
REJECT,41
REJECT,0
REJECT,14
REJECT,20
REJECT,20
REJECT,15
REJECT,20
REJECT,8
REJECT,0
REJECT,10
REJECT,2025
REJECT,20
REJECT,15
REJECT,14
REJECT,26
SHORTLIST,30
SHORTLIST,12
SHORTLIST,32
SHORTLIST,20
SHORTLIST,20
SHORTLIST,26
SHORTLIST,24
SHORTLIST,15
SHORTLIST,0
SHORTLIST,11
SHORTLIST,20
SHORTLIST,3
REJECT,25
REJECT,11
REJECT,13
REJECT,15
REJECT,10
REJECT,9000
REJECT,20
REJECT,7
REJECT,0
REJECT,20
REJECT,10
REJECT,15
REJECT,0
REJECT,19
REJECT,5
REJECT,4
REJECT,20
REJECT,18
REJECT,40
REJECT,0
REJECT,10
REJECT,20
REJECT,0
REJECT,10
REJECT,10
REJECT,35
REJECT,10
REJECT,6
REJECT,9
REJECT,2
REJECT,8
REJECT,7
REJECT,20
REJECT,22
REJECT,10
REJECT,8
REJECT,4
REJECT,0
SHORTLIST,25
SHORTLIST,13
SHORTLIST,25
SHORTLIST,13
SHORTLIST,25
SHORTLIST,12
SHORTLIST,5
SHORTLIST,0
SHORTLIST,5
SHORTLIST,0
SHORTLIST,8
REJECT,6
REJECT,0
REJECT,3
REJECT,12
REJECT,23
REJECT,14
REJECT,0
REJECT,23
REJECT,20
REJECT,8
REJECT,24
REJECT,7
REJECT,7
REJECT,0
REJECT,5
REJECT,11
REJECT,7
REJECT,8
REJECT,46
REJECT,40
REJECT,0
REJECT,0
REJECT,26
REJECT,10
REJECT,12
REJECT,5
REJECT,16
REJECT,5
REJECT,5
REJECT,3
REJECT,0
REJECT,22
REJECT,15
REJECT,30
REJECT,18
SHORTLIST,30
SHORTLIST,12
SHORTLIST,0
SHORTLIST,20
SHORTLIST,27
SHORTLIST,8
SHORTLIST,16
SHORTLIST,0
SHORTLIST,30
SHORTLIST,7
SHORTLIST,10
SHORTLIST,0
REJECT,20
REJECT,3092
REJECT,20
REJECT,16
REJECT,0
REJECT,37
REJECT,30
REJECT,30
REJECT,11
REJECT,20
REJECT,45
REJECT,18
REJECT,10
REJECT,0
REJECT,9
REJECT,20
REJECT,15
SHORTLIST,0
SHORTLIST,17
SHORTLIST,27
SHORTLIST,0
SHORTLIST,27
SHORTLIST,20
REJECT,4
REJECT,19
REJECT,3
REJECT,2
REJECT,65
REJECT,26
REJECT,11
REJECT,10
REJECT,0
REJECT,19
REJECT,0
REJECT,4
REJECT,5
REJECT,15
REJECT,3
REJECT,0
REJECT,2
REJECT,15
REJECT,0
REJECT,0
SHORTLIST,13
REJECT,15
REJECT,20
REJECT,0
REJECT,32
REJECT,0
REJECT,0
REJECT,30
REJECT,20
REJECT,28
REJECT,0
REJECT,0
REJECT,0
REJECT,3
REJECT,45
REJECT,0
REJECT,7
REJECT,0
REJECT,17
REJECT,25
REJECT,0
REJECT,4
REJECT,9
REJECT,0
REJECT,8
REJECT,16
REJECT,0
REJECT,0
REJECT,10
REJECT,0
REJECT,0
REJECT,20
SHORTLIST,30
SHORTLIST,10
SHORTLIST,5
SHORTLIST,25
SHORTLIST,0
REJECT,13
REJECT,30
REJECT,16
REJECT,0
REJECT,0
REJECT,20
SHORTLIST,19
SHORTLIST,15
SHORTLIST,5
SHORTLIST,2
SHORTLIST,23
SHORTLIST,20
SHORTLIST,7
SHORTLIST,0
REJECT,8
REJECT,0
REJECT,5
REJECT,0
REJECT,8
REJECT,28
REJECT,19
REJECT,6
REJECT,0
REJECT,2
REJECT,21
REJECT,24
REJECT,17
REJECT,11
REJECT,0
REJECT,11
REJECT,40
REJECT,19
REJECT,12
REJECT,39
REJECT,25
REJECT,5
REJECT,0
REJECT,47
REJECT,6
REJECT,8
REJECT,2
REJECT,30
REJECT,7
REJECT,34
REJECT,26
REJECT,0
REJECT,13
REJECT,8
REJECT,0
REJECT,45
REJECT,5
REJECT,8
REJECT,30
REJECT,0
REJECT,32
REJECT,15
REJECT,17
REJECT,0
REJECT,0
REJECT,0
REJECT,0
REJECT,8
REJECT,18
REJECT,4
REJECT,33
REJECT,9
REJECT,0
REJECT,5
REJECT,8
REJECT,10
REJECT,12
REJECT,15
REJECT,0
REJECT,20
REJECT,12
REJECT,25
REJECT,0
REJECT,14
REJECT,10
REJECT,17
REJECT,21
REJECT,27
REJECT,9
REJECT,15
REJECT,12
REJECT,20
REJECT,14
REJECT,25
REJECT,4
REJECT,1
REJECT,22
REJECT,10
REJECT,36
REJECT,5
REJECT,25
REJECT,20
REJECT,28
REJECT,0
REJECT,7
REJECT,18
REJECT,19
REJECT,23
REJECT,23
REJECT,0
REJECT,10
REJECT,6
REJECT,15
REJECT,3
REJECT,7
REJECT,22
REJECT,5
REJECT,22
REJECT,25
REJECT,1
REJECT,0
REJECT,0
REJECT,15
REJECT,13
REJECT,0
REJECT,20
REJECT,10
REJECT,31
REJECT,20
REJECT,48
REJECT,13
REJECT,25
REJECT,0
REJECT,5
REJECT,9
REJECT,25
REJECT,11
REJECT,10
REJECT,25
REJECT,0
REJECT,12
REJECT,14
REJECT,17
REJECT,17
REJECT,29
REJECT,0
REJECT,8
REJECT,17
REJECT,15
REJECT,11
REJECT,13
REJECT,12
REJECT,15
REJECT,9
REJECT,0
REJECT,20
REJECT,17
REJECT,0
REJECT,18
REJECT,18
REJECT,22
REJECT,40
REJECT,15
REJECT,14
REJECT,6
REJECT,30
REJECT,15
REJECT,14
REJECT,21
REJECT,20
REJECT,0
REJECT,0
REJECT,12
REJECT,8
REJECT,15
REJECT,13
REJECT,15
REJECT,27
REJECT,36
REJECT,9
REJECT,8
REJECT,20
REJECT,0
REJECT,0
REJECT,15
REJECT,10
REJECT,15
REJECT,0
REJECT,23
REJECT,7
REJECT,10
REJECT,0
REJECT,0
REJECT,25
REJECT,0
REJECT,8
REJECT,22
REJECT,11
REJECT,0
REJECT,14
REJECT,20
REJECT,35
REJECT,27
REJECT,16
REJECT,9
REJECT,9
SHORTLIST,25
SHORTLIST,0
SHORTLIST,10
SHORTLIST,0
SHORTLIST,4
SHORTLIST,0
SHORTLIST,15
SHORTLIST,13
SHORTLIST,25
SHORTLIST,0
SHORTLIST,25
SHORTLIST,0
SHORTLIST,0
SHORTLIST,10
SHORTLIST,70
SHORTLIST,30
SHORTLIST,20
SHORTLIST,15
SHORTLIST,15
SHORTLIST,20
SHORTLIST,0
REJECT,9
REJECT,22
REJECT,6
REJECT,0
REJECT,5
REJECT,12
REJECT,13
REJECT,0
REJECT,46
REJECT,0
REJECT,30
REJECT,14
REJECT,16
REJECT,0
REJECT,0
SHORTLIST,30
SHORTLIST,25
SHORTLIST,18
SHORTLIST,0
SHORTLIST,0
SHORTLIST,20
SHORTLIST,20
SHORTLIST,0
SHORTLIST,20
REJECT,0
REJECT,25
REJECT,20006
REJECT,0
REJECT,25
REJECT,0
REJECT,0
REJECT,46
REJECT,7
REJECT,0
REJECT,0
SHORTLIST,19
SHORTLIST,3794
SHORTLIST,23
SHORTLIST,20
SHORTLIST,20
SHORTLIST,7
SHORTLIST,50
SHORTLIST,25
SHORTLIST,0
SHORTLIST,40
SHORTLIST,25
SHORTLIST,8
SHORTLIST,19
SHORTLIST,15
SHORTLIST,0
SHORTLIST,18
SHORTLIST,0
SHORTLIST,20
SHORTLIST,26
SHORTLIST,30
SHORTLIST,14
SHORTLIST,5
SHORTLIST,30
SHORTLIST,16
SHORTLIST,35
SHORTLIST,20
SHORTLIST,3
SHORTLIST,20
SHORTLIST,5
SHORTLIST,35
SHORTLIST,33
SHORTLIST,25
SHORTLIST,30
SHORTLIST,26
SHORTLIST,0
SHORTLIST,15
SHORTLIST,0
SHORTLIST,33
SHORTLIST,25
SHORTLIST,20
SHORTLIST,30
SHORTLIST,23
SHORTLIST,10
SHORTLIST,25
SHORTLIST,36
SHORTLIST,12
SHORTLIST,7
SHORTLIST,21
SHORTLIST,12
SHORTLIST,35
SHORTLIST,0
SHORTLIST,23
SHORTLIST,5
SHORTLIST,10
SHORTLIST,5
SHORTLIST,4189
SHORTLIST,0
SHORTLIST,2
SHORTLIST,0
SHORTLIST,3
SHORTLIST,20
SHORTLIST,4
SHORTLIST,3
SHORTLIST,0
SHORTLIST,25
SHORTLIST,8
SHORTLIST,0
SHORTLIST,25
SHORTLIST,1
SHORTLIST,20
SHORTLIST,29
SHORTLIST,20
SHORTLIST,0
SHORTLIST,12
SHORTLIST,10
SHORTLIST,31
SHORTLIST,12
SHORTLIST,49
SHORTLIST,30
REJECT,0
REJECT,0
REJECT,7
REJECT,0
REJECT,7
REJECT,0
REJECT,25
SHORTLIST,3
REJECT,15
REJECT,0
REJECT,16
REJECT,14
REJECT,0
REJECT,0
REJECT,0
REJECT,20
REJECT,2
REJECT,40
REJECT,10
REJECT,10
REJECT,35
REJECT,30
REJECT,25
REJECT,10
REJECT,0
REJECT,15
REJECT,13
REJECT,37
REJECT,29
REJECT,15
REJECT,20
REJECT,9
REJECT,20
REJECT,9
REJECT,39
REJECT,13
REJECT,22
REJECT,3
SHORTLIST,39
SHORTLIST,50
SHORTLIST,12
SHORTLIST,16
SHORTLIST,20
SHORTLIST,3
REJECT,8
REJECT,12
REJECT,20
REJECT,0
REJECT,15
REJECT,0
SHORTLIST,0
SHORTLIST,2
REJECT,30
REJECT,13
REJECT,18
REJECT,4
REJECT,12
REJECT,0
REJECT,30
REJECT,0
REJECT,38
REJECT,3
REJECT,24
REJECT,15
REJECT,17
REJECT,26
REJECT,23
REJECT,25
REJECT,17
REJECT,20
REJECT,25
REJECT,9
REJECT,2
REJECT,5
REJECT,-137
REJECT,26
REJECT,0
REJECT,23
REJECT,15
REJECT,0
REJECT,10
REJECT,30
SHORTLIST,19
SHORTLIST,2
SHORTLIST,15
SHORTLIST,33
SHORTLIST,20
SHORTLIST,0
SHORTLIST,6
SHORTLIST,20
SHORTLIST,10
SHORTLIST,0
SHORTLIST,7
SHORTLIST,5
SHORTLIST,0
REJECT,4
REJECT,4
REJECT,2
REJECT,28
REJECT,0
REJECT,4
REJECT,0
REJECT,4
REJECT,9
REJECT,1
REJECT,20
SHORTLIST,5
SHORTLIST,0
SHORTLIST,7
SHORTLIST,20
SHORTLIST,0
REJECT,0
REJECT,5
REJECT,41
REJECT,0
REJECT,16
REJECT,10
REJECT,23
REJECT,5
REJECT,0
REJECT,13
REJECT,11
REJECT,5
SHORTLIST,20
SHORTLIST,12
SHORTLIST,2
REJECT,19
REJECT,20
REJECT,6
REJECT,10
REJECT,21
REJECT,20
REJECT,25
REJECT,3
REJECT,9
REJECT,15
REJECT,11
REJECT,38
REJECT,29
REJECT,18
REJECT,5
REJECT,0
REJECT,0
REJECT,7328
REJECT,16
REJECT,16
SHORTLIST,20
SHORTLIST,12
SHORTLIST,21
SHORTLIST,15
SHORTLIST,39
SHORTLIST,18
SHORTLIST,12
REJECT,50
REJECT,0
REJECT,18
REJECT,16
REJECT,8
REJECT,10
REJECT,5
REJECT,19
REJECT,2
REJECT,20
REJECT,14
REJECT,1
REJECT,0
REJECT,40
REJECT,12
REJECT,0
REJECT,25
REJECT,45
REJECT,36
REJECT,0
REJECT,0
REJECT,23
REJECT,50
REJECT,18
REJECT,30
REJECT,0
REJECT,15
REJECT,2
REJECT,0
REJECT,9
REJECT,30
REJECT,30
REJECT,32
REJECT,27
REJECT,0
REJECT,0
REJECT,0
REJECT,7
REJECT,24
REJECT,2
REJECT,25
REJECT,3
REJECT,40
REJECT,25
REJECT,3
REJECT,31
REJECT,35
REJECT,5
REJECT,43
REJECT,23
REJECT,0
REJECT,0
REJECT,20
REJECT,22
REJECT,100
REJECT,15
REJECT,2
REJECT,15
REJECT,20
REJECT,10
REJECT,6
REJECT,10
REJECT,25
REJECT,0
REJECT,15
REJECT,25
REJECT,20
REJECT,0
REJECT,20
REJECT,8
REJECT,3
REJECT,0
REJECT,3
REJECT,0
REJECT,25
REJECT,6
REJECT,29
REJECT,8
REJECT,15
REJECT,31
REJECT,7
REJECT,0
REJECT,20
REJECT,25
REJECT,20
REJECT,17
REJECT,12
REJECT,29
REJECT,6
REJECT,15
REJECT,9
REJECT,25
REJECT,0
REJECT,30
REJECT,8
REJECT,0
REJECT,14
REJECT,25
REJECT,12
REJECT,0
REJECT,7
REJECT,2
REJECT,30
REJECT,13
REJECT,28
REJECT,7
REJECT,40
REJECT,36
REJECT,12
REJECT,0
REJECT,0
REJECT,18
REJECT,10
REJECT,7
REJECT,0
REJECT,43
REJECT,13
REJECT,12
REJECT,10
REJECT,500
REJECT,0
REJECT,6
REJECT,0
REJECT,0
REJECT,5
REJECT,35
REJECT,35
REJECT,18
REJECT,0
REJECT,12
REJECT,10
REJECT,0
REJECT,22
REJECT,45
REJECT,17
REJECT,12
REJECT,30
REJECT,16
REJECT,1580
REJECT,12
REJECT,0
REJECT,0
REJECT,35
REJECT,12
SHORTLIST,19
SHORTLIST,25
SHORTLIST,2
SHORTLIST,33
SHORTLIST,30
SHORTLIST,0
SHORTLIST,40
SHORTLIST,100
SHORTLIST,0
SHORTLIST,15
SHORTLIST,12
SHORTLIST,27
SHORTLIST,44
REJECT,0
REJECT,0
REJECT,16
REJECT,0
REJECT,20
REJECT,23
REJECT,0
REJECT,28
REJECT,35
REJECT,20
REJECT,22
REJECT,25
REJECT,18
REJECT,1205
REJECT,35
REJECT,10
REJECT,17
REJECT,20
REJECT,24
REJECT,0
REJECT,0
REJECT,2
REJECT,15
REJECT,22
SHORTLIST,18
SHORTLIST,0
SHORTLIST,20
SHORTLIST,0
SHORTLIST,3
SHORTLIST,47
SHORTLIST,20
REJECT,4
REJECT,1
REJECT,0
REJECT,5
REJECT,0
REJECT,15
REJECT,13
REJECT,18
REJECT,22
REJECT,25
REJECT,20
REJECT,0
REJECT,0
REJECT,5
REJECT,46
REJECT,0
REJECT,0
SHORTLIST,30
SHORTLIST,4
SHORTLIST,30
SHORTLIST,25
SHORTLIST,20
SHORTLIST,20
SHORTLIST,23
SHORTLIST,16
REJECT,12
REJECT,0
REJECT,0
REJECT,20
REJECT,0
REJECT,10
REJECT,0
REJECT,47
REJECT,0
REJECT,0
SHORTLIST,15
SHORTLIST,30
SHORTLIST,30
SHORTLIST,7
SHORTLIST,0
SHORTLIST,11
SHORTLIST,4
SHORTLIST,22
SHORTLIST,15
SHORTLIST,0
SHORTLIST,10
SHORTLIST,10
SHORTLIST,0
SHORTLIST,7
SHORTLIST,10
SHORTLIST,15
SHORTLIST,30
SHORTLIST,16
SHORTLIST,3
SHORTLIST,0
SHORTLIST,0
SHORTLIST,8
SHORTLIST,5694
SHORTLIST,25
SHORTLIST,0
SHORTLIST,15
SHORTLIST,10
